"Door Model / SKU","Full String Name"
"FD1LMEGA","FD1LMEGA - Mahogany 1-Lite  Dual Tempered Clear Glass Mega Door (2-1/4"")"
"FD3LClear","FD3LClear - Mahogany 3-Lite w/ Dual Tempered Clear Glass Door (1-3/4"")"
"FD5LClear","FD5LClear - Mahogany 5-Lite w/ Dual Tempered Clear Glass (1-3/4"")"
"2BMSALE","2BM - 2 PANEL ARCHED TOP BRAZILIAN MAHOGANY WITH RECESSED MOULDING INTERIOR DOOR (1-3/4"")"
"FD10L","FD10L - Mahogany 10-Lite Dual Clear Tempered Glass (1-3/4"")"
"FD1LPB","FD1LPB - Mahogany 1-Lite Exterior French Door Panel Bottom w/ Low-E Clear Glass (8-0ft) (1-3/4"")"
"FD8LPB","Mahogany 8-Lite Panel Bottom with Dual Clear Tempered Glass"
"Carmel","Carmel - Mahogany Carmel  French Door (1-3/4"")"
"LaPlaya","LaPlaya - Mahogany La Playa French Door (1-3/4"")"
"FD1LPBSpain","FD1LPBSpain - Mahogany Spain Panel Bottom Exterior Door (1-3/4”)"
"FD1LMonteCarlo","FD1LMonteCarlo - Mahogany Monte Carlo Exterior Door(1-3/4"")"
"FD1LSavannah","FD1LSavannah - Mahogany Savannah Exterior Door (1-3/4"")"
"HingeandLatchKit","HingeandLatchKit - Hinge and Latch Kit"
"FD1LPBSavannah","FD1LPBSavannah - Mahogany Savannah Exterior Door (8-0ft) (1-3/4"")"
"FD1LAmbassador","FD1LAmbassador - Mahogany 1 Lite Door- Ambassador (1-3/4"")"
"FLORENCE","FLORENCE - Mahogany Florence (1-3/4"")"
"VICTORIA","VICTORIA - Mahogany Exterior Door (1-3/4"")"
"VINOS","Vinos - Solid Mahogany Wood Exterior Door (1-3/4"")"
"ARYA","ARYA - Mahogany Arya (1-3/4"")"
"FD1L","FD1L- Mahogany French Door Exterior 1-Lite Full View w/ Low-E Clear Glass (1-3/4”)"
"EXWP1LMonteCarlo","EXWP1LMonteCarlo - 1 Lite White Primed Square Sticking Door-Monte Carlo (1-3/4"")"
"FD1MEGA100","Mahogany 1-Lite 2-1/4"" Dual Tempered Clear Glass (Grand 10-0 ft)"
"Riviera","Riviera - Mahogany French Door (1-3/4"")"
"MA230","MA230 - MAHOGANY 2 PANEL ARCHED INTERIOR DOOR (1-3/4"")"
"FD1LLami","FD1LLAMI - MAHOGANY 1-LITE INTERIOR DOOR WITH OBSCURE WHITE LAMINATE GLASS (1-3/"
"FD1Lsingle","Mahogany 1-Lite Single Tempered Class"
"MA300","MA300 - MAHOGANY 3 PANEL SQUARE TOP INTERIOR DOOR (1-3/4"")"
"MA210","MA210 - MAHOGANY 2 PANEL SQUARE TOP DOOR"
"AMPSAL","AMPSAL - Mahogany Flush Door with Modern 1/2"" Aluminum Strips Inlaid Horizontally (1-3/4"")"
"FD1LPANTRY","FD1LPANTRY - Mahogany 1-Lite PANTRY Glass (1-3/4"")"
"Barcelona","Barcelona - Mahogany Exterior Door - Barcelona (1-3/4"")"
"FD1LWINE","FD1LWINE - Mahogany 1-Lite Wine Cellar Glass (1-3/4"")"
"LouverMA","LOUVERMA - MAHOGANY LOUVER INTERIOR DOOR (1-3/8"")"
"FD3LLami","Mahogany EX 3-Lite w/ White Laminate Glass  Door (1-3/4"")"
"FD5LLami","Mahogany 5-Lite exterior Door w/ White Laminate Glass"
"FD1LEL400","Exterior Grade Solid Wood Mahogany Door  El400 | ETO Doors"
"Moderno","Moderno - Exterior Door Mahogany Moderno (1-3/4"")"
"Venetian","Venetian - Mahogany Venetian Exterior Door (1-3/4"")"
"EXMA800","EXMA800 -Mahogany 8-Panel | ETO Doors"
"AltaMR874","AltaMR874 - Escon Philippine Mahogany with Raised Moulding on One Side & Surround - [Alta-MR874] (1-3/4"")"
"EXMA300","EXMA300 - Mahogany 3 Panel Square Top Exterior Door | ETO Doors"
"EXMA600","EX MA600 - Fused Solid Wood Mahogany EX MA600 Exterior Door (1-3/4"")-Engineered Construction"
"Monaco","Monaco - Mahogany Monaco (1-3/4”)"
"EXMA220","EXMA220 - Mahogany EX-MA220 2-Panel Square V-Groove (1-3/4"")"
"EXMA240","EXMA240 - Mahogany 2-Panel Arch V-Groove | ETO Doors"
"Palma","Palma - Mahogany Palma Exterior Door (1-3/4"")"
"FD1LEclipse","FD1LEclipse - Mahogany Eclipse (1-3/4"")"
"FD1LSpain","FD1LSpain - Mahogany Spain Full Lite Exterior Door (1-3/4"")"
"RM1","RM1 - Mahogany RM1 Exterior Door (1-3/4"")"
"FD1LPBMonteCarlo","FD1LPBMonteCarlo - Mahogany Monte Carlo Exterior Door (8-0ft) (1-3/4"")"
"EXWP1LCLEARSL","Side Lite:1 LITE WHITE PRIMED CLEAR TEMPERED GLASS"
"FD1LElegantSL","Side-Lite: 1-Lite Dual Clear Elegant Glass"
"KA1LClearSL","Side-Lite: 1-Lite Knotty Alder Dual Tempered Clear Glass"
"EXWP1LLAMISL","EXWP1LLAMISL - Side Lite: 1 LITE WHITE PRIMED LAMINATE GLASS"
"FD1LLAMISL","FD1L-Lami Side-Lite | 1-Lite Lami Glass | ETO Doors"
"FD1LPBClearSL","Side-Lite: 1-Lite Panel Bottom Dual Tempered Clear Glass (8-0ft)"
"FD1LESF1SL","FD1LESF1SL - Side-Lite: 1-Lite White Lami Iron Glass"
"RM1MEGA","RM1MEGA - Mahogany RM1  Mega Door (2 1/4"")"
"MahoganyRM2","MahoganyRM2 - Mahogany RM2 Rustic Knotty Door (1-3/4”)"
"EXMA220disabled","Mahogany EX220 2-Panel Square V-Groove"
"RMA2","RMA2 - Mahogany RMA2 Rustic Arched Door with Jamb (1-3/4”)"
"KA230","Knotty Alder 2 Panel Arched Door (1-3/4"") - KA230"
"ELKW121V38","ELKW121V38 - Knotty Alder 2 Panel V-Groove Arch Top Door (1-3/8"")"
"CMA2Clearance","CMA2 - Brazilian Mahogany CMA2 2 Panel Arched with Jamb (1-3/4"")"
"nevada","Nevada - Knotty Alder 2 Panel Square Top Door (1-3/8"")"
"Aztec","Aztec - Knotty Alder 2 Panel Square Top V-Groove Door | ETO Doors (1-3/8"")"
"KA1LLami","Knotty Alder 1-Lite Door w/ White Laminate Glass (1-3/4"")"
"KA1LWine","KA1LWine - Knotty Alder 1-Lite WINE CELLAR Glass (1-3/4"")"
"KA1LClearance","KA1LClearance -Knotty Alder 1-Lite French Door with Dual Pane Clear Glass"
"ELSA002","Superior Alder 2 Panel Arch Top Door (1-3/4"")"
"ELSA002V","ELSA002V - Superior Alder 2 Panel V-Groove Arch Top Door (1-3/4"")"
"ELKW121","ELKW121 - Knotty Alder 2 Panel Top-Rail Arch Door (1-3/8"")"
"2PRMS","2PRMS - 2 PANEL ARCHED TOP WHITE PRIMED WITH RAISED MOULDING INTERIOR DOOR (1-3/4"")"
"madison","Madison - 1 Panel Shaker Square Top Primed Door (1-3/8"")"
"WP1LLAMI","WP1LLAMI - WHITE PRIMED  1-LITE WITH DUAL WHITE LAMINATED (OBSCURE) GLASS INTERIOR DOOR (SQUARE STICKING) (1-3/4"")"
"Seattle","Seattle - 2 Panel Shaker Square Top Primed (1-3/8”)"
"Boston","Boston  - 2 Panel Square Top White Primed with Raised Moulding (1-3/4"")"
"Orlando","Orlando - 3 Even Panel Shaker Square Top Primed (1-3/8"")"
"ELTL3","3 Panel Arched Top White Primed W/ Raised Moulding | ETO Doors"
"Dallas","Dallas - 3 Panel Square Top White Primed with Raised Moulding (1-3/4"")"
"Dayton","Dayton - 5 Even Panel White Primed Shaker Door (1-3/8"")"
"ELTB2","ELTB2 - 2 Panel Arched Top White Primed with Raised Moulding on both sides (1-3/4"")"
"Warren","Warren - 3 Panel White Primed Shaker Door (1-3/8"")"
"N3SALE","N3 - 3 PANEL ARCHED TOP WHITE PRIMED WITH RECESSED MOULDING INTERIOR DOOR (1-3/4"")"
"WP1LPantry","WP1LPantry - White Primed 1-Lite PANTRY Glass (1-3/4"")"
"S4SALE","S4 - 4 PANEL WHITE PRIMED WITH RECESSED MOULDING INTERIOR DOOR (1-3/4"")"
"HDF","HDF - FLUSH SOLID CORE HARDBOARD (HDF) DOOR (1-3/4"")"
"CMA4","Mahogany 4 Panel Arched Door with Jamb (1-3/4"")"
"RM220","RM220 - Mahogany RM220 (1-3/4"")"
"RM240","RM240 MAHOGANY EXTERIOR DOOR (1-3/4"")"
"ElToro","ElToro - Mahogany EL TORO  (1-3/4"")"
"Montreal","Montreal - Mahogany Door (1-3/4"")"
"Marseille","Mahogany Marseille | ETO Doors"
"Milano","Milano - Mahogany Milano (1-3/4"")"
"Tokyo","Tokyo - Mahogany Tokyo Exterior Door (1-3/4”)"
"Bellarosa","Bellarosa - Mahogany Exterior Door - Bellarosa (1-3/4”)"
"KA1L","KA1L -Knotty Alder 1-Lite French Door with Dual Pane Clear Glass (1-3/4"")"
"2PRMSCLEARANCEs","2PRMS - 2 PANEL ARCHED TOP WHITE PRIMED WITH RAISED MOULDING INTERIOR DOOR (1-3/4"")-Old one"
"EXWP1LEL100","EXWP1LEL100 - 1 Lite White Primed Square Sticking Door- EL100 (1-3/4"")"
"EL200D","Mahogany Double Door with Insulated Glass (1-3/4"") - EL200D"
"EXWP1LCLEAR","EX-WP1L- White Primed French Door Exterior 1-Lite Full View w/ Low-E Clear Glass (1-3/4”)"
"FD1LPBEL300","Mahogany EL300 Panel Bottom Door (8-0ft) (1-3/4"")"
"FD1LPBEL400","Mahogany EL400 Panel Bottom door (8-0ft)"
"FD1LElegant","FD1LElegant - Mahogany Elegant Glass (1-3/4”)"
"FD3LPBLami","Mahogany Ex 3-Lite W/ White Laminate Glass Panel Bottom Door | ETO"
"FD5LPBLami","FD5LPBLami - Mahogany EX 5-Lite w/ White Laminate Glass Panel Bottom Door (8-0ft) (1-3/4"")"
"FD1LPBElegant","Mahogany Elegant Glass Panel Bottom (8-0ft)"
"EX100","EX100 - Mahogany EX 1-Lite w/ White Laminate Glass (1-3/4"")"
"FD3LClearSL","Side-Lite: 3-Lite Dual Tempered Clear Glass Square Sticking"
"FD10LPBClearSL","Side-Lite: 5-Lite Panel Bottom Dual Tempered Clear Glass (8-0ft)"
"AscotSL","Side-Lite: Ascot Beveled Glass"
"FD1LEL100SL","Side-Lite: EL100 Clear Glue Chip Glass"
"FD1LEL200SL","Side-Lite: EL200 Clear Beveled Glass"
"FD1LEL300SL","Side-Lite: EL300 Clear Beveled Glass"
"FD1LEL400SL","Side-Lite: EL400 Clear Beveled Glass"
"IronbarkSL","Side-Lite | Ironbark Beveled Glass | ETO Doors"
"KallistaSL","Side-Lite: Kallista Beveled Glass"
"ModellaSL","Side-Lite: Modella Beveled Glass"
"FD1LMonteCarloL","Side-Lite: Monte Carlo Artistic Iron Grill with Glass (Left Side)"
"FD1LMonteCarloR","Side-Lite: Monte Carlo Artistic Iron Grill with Glass (Right Side)"
"ROMA","Side-Lite | Roma | ETO Doors"
"TUSCANYSL","Side-Lite | Tuscany Clear Iron Glass | ETO Doors"
"VENETIANSL","VENETIANSL - Side-Lite | Venetian Clear Elegant Glass | ETO Doors"
"FD1LClearSL","FD1LCLEARSL - Mahogany Side-Lite: 1-Lite Dual Tempered Clear Glass"
"FD5Clear","Mahogany Side-Lite: 5-Lite Dual Tempered Clear Glass"
"FD1LMonteCarloSPSL","Side-Lite: Monte Carlo Artistic with Panel Bottom (Left Side)"
"FD1LMonteCarloRSL","Side-Lite: Monte Carlo Artistic with Panel Bottom (Right Side)"
"Astoria","Astoria - Mahogany Astoria (1-3/4"")"
"DaVinci","DaVinci - Mahogany Da Vinci (1-3/4"")"
"Palace","Palace - Mahogany Palace (1-3/4"")"
"Valencia","Valencia - Mahogany Valencia French Door (1-3/4"")"
"kotetdouble","Kotet -Double - Steel Metal Exterior Grade 10-Lite Double French Door with Clear Low-E Glass"
"Sardinia","Sardinia - Mahogany Sardinia Elliptical Arch Plank Double Doors (1-3/4"")"
"CostaSmeralda","CostaSmeralda - Mahogany Double Doors with Clavos"
"Artisan","Artisan - 1 Panel Vertical Grain Douglas Fir Interior Door (1-3/8"")"
"7001","7001 - Vertical Grain Douglas Fir French Door 1-Lite with Dual Clear Tempered Glass (1-3/4"")"
"7010","7010 - Vertical Grain Douglas Fir French Door 10-Lite/5 High with Clear Dual Glazed glass (1-3/4"")"
"TM1515","TM1515 - Vertical Grain Douglas Fir French Door 15-Lite/5 High (1-3/4"")"
"TM1505","TM1505 - Vertical Grain Douglas Fir French Doors 5-Lite/5 High | ETO Doors"
"Casey","Casey - Vertical Grain Douglas Fir Interior Doors - 2 Panel 1-3/8"" | ETO Doors"
"L2SALE","L2 - 2 PANEL ARCHED TOP WHITE PRIMED WITH RECESSED MOULDING INTERIOR DOOR (1-3/4"")"
"Brady","Brady - 3 Panel Vertical Grain Douglas Fir Interior Door (1-3/8"")"
"S3SALE","S3 - 3 PANEL ARCHED TOP WHITE PRIMED WITH RECESSED MOULDING INTERIOR DOOR (1-3/4"""
"B4SALE","B4 - 2 PANEL ARCHED TOP WHITE PRIMED WITH RECESSED MOULDING INTERIOR DOOR (1-3/4"")"
"Heritage","Heritage - 4 Panel Vertical Grain Douglas Fir Interior Door (1-3/8"")"
"ABF55","Vertical Grain Douglas Fir Interior Doors 5 Even Panel | ETO Doors"
"Bungalow","Bungalow - 6 Panel Vertical Grain Douglas Fir Interior Door"
"M2SALE","M2 - 2 PANEL WHITE PRIMED WITH RECESSED MOULDING INTERIOR DOOR (1-3/4"")"
"TM1509","TM1509 - Vertical Grain Douglas Fir French Door 9-Lite Marginal Single Glaze Temp Glass (1-3/4"")"
"RMKA","RMKA - Rustic Knotty Alder Exterior Door FSC® Certified"
"KA1LAmbassador","Knotty Alder 1 Lite Door- Ambassador | ETO Doors"
"KA1LElegant","KA1LElegant - Knotty Alder 1 Lite Door - Elegant Glass (1-3/4"")"
"KA1LEL400","KA1LEL400 - Knotty Alder 1 Lite Door- EL 400 available in Black Caming (1-3/4"")"
"TMCKA10EXT","Exterior Knotty Alder 2-Panel Square Top Door-TMKA-10Ext"
"KA1LESF1","KA1LESF1 - Knotty Alder 1 Lite Exterior Door (1-3/4"")"
"TMCKA13EXT","Exterior Knotty Alder 2-Panel Arched Top Door-TMKA-13Ext"
"TMCKA16EXT","Exterior Knotty Alder 1-Panel Arched Top Doors-TMKA-16Ext"
"TMCKA40EXT","Exterior Knotty Alder 2-Panel V-Groove Square Top Door- TMKA-40Ext"
"TMCKA42EXT","Exterior Knotty Alder 2-Panel V-Groove Arched Top Door | ETO Doors"
"TMCKA41EXT","Exterior Knotty Alder 1-Panel V-Groove Square Top Door- TMKA-41Ext"
"TMCRosenstone","TMCRosenstone - Vertical Grain Douglas Fir EXTERIOR Craftsman Doors-TM Rosenstone (1-3/4"")"
"TMCKA43EXT","Exterior Knotty Alder 1-Panel V-Groove Arched Top Door-TMKA-43Ext"
"TMCPF12","Vertical Grain Douglas Fir Craftsman Prairie French Door 12-Lite | ETO"
"Aspen","Escon Knotty Alder Arch Door (1-3/4"")"
"KA1LGRAND","KA1LGRAND - Knotty Alder 1-Lite French Door Grand (2-1/4"")"
"RMA1","Mahogany Rustic Arched Door With Jamb | ETO Doors"
"KA1LMonteCarlo","Monte Carlo - Knotty Alder 1 Lite Door (1-3/4"")"
"KA1LSavannah","Knotty Alder 1-Lite Door | Savannah | ETO Doors"
"KA1LArya","Arya - Knotty Alder 1 Lite Door (1-3/4"")"
"KA1LEclipse","Knotty Alder 1-Lite Door- Eclipse"
"KA1LEL200","KA1LEL200 - Knotty Alder 1 Lite Door- EL200 (1-3/4"")"
"KA1LEL300","Knotty Alder 1 Lite Door | ETO Doors"
"KA1LEL100","Knotty Alder 1 Lite- El100 Available In Brass Caming | ETO Doors"
"Craftsman1Lite","Knotty Alder Craftsman 1-Lite Door W/ Beveled Glass | ETO Doors"
"KA1LSpain","KA1LSpain - Knotty Alder 1-Lite Door- Spain Full Lite (1-3/4"")..."
"Craftsman3Lite","Knotty Alder Craftsman 3-Lite Door With Beveled Glass | ETO Doors"
"Craftsman3LiteClear","Knotty Alder 3-Lite Craftsman Door With Clear Glass | ETO Doors"
"FD1LESF1","FD1LESF1 - Mahogany ESF1 (1-3/4"")"
"KA230HalfliteESF1","KA230HalfliteESF1 - Knotty Alder 1/2 Lite with White Lami Iron Glass (1-3/4"")"
"Tuscany","Tuscany - Mahogany Tuscany Exterior Door (1-3/4"")"
"DUTEXMA210","DUTEXMA210 - Dutch: Mahogany 2 Panel Square Top Door (1-3/4"")"
"TransomELElegant","Elliptical Top Transom With Clear Elegant Glass | ETO Doors"
"DUTEXMA230","DUTEXMA230 - Dutch: Mahogany 2 Panel Arched Top Door (1-3/4"")"
"DUTEXMA220","DUTEXMA220 - Dutch: Mahogany E220 2-Panel Square V-Groove (1-3/4"")"
"DUTEXMA240","DUTEXMA240 - Dutch: Mahogany E240 2-Panel Arch V-Groove (1-3/4"")"
"DUTEXMA300","Dutch Mahogany 3 Panel Door (1-3/4"")"
"TransomELClear","Elliptical Top Transom W/ Clear Glass"
"DUTEXMA600","DUTEXMA600 - Dutch: Mahogany 6 Panel Door (1-3/4"")"
"TransomELSpain","TransomELSpain - Elliptical Top Transom with Clear Iron Glass"
"DUTEXMA800","DUTEXMA800 - Dutch: Mahogany 8 Panel Door (1-3/4"")"
"DUTRM1","DUTRM1 - Dutch: Mahogany RM1  Door (1-3/4"")"
"DUTEXRM220","DUTEXRM220 - Dutch: Mahogany RM220 (1-3/4"")"
"RM240Dutch","RM240Dutch - Dutch: Mahogany RM240 (1-3/4"")..."
"DUTHALFLite","Dutch Mahogany 1/2 Lite Solid Door"
"TransomFRElegant","Full Round Top Transom With Clear Beveled Elegant Glass"
"TransomFRClear","TransomFRClear - Full Round Top Transom with Clear Glass"
"TransomFRSpain","Full Round Top Transom W/ Clear Iron Glass"
"EXMA230","EXMA230 - MAHOGANY EX230 EXTERIOR DOOR (1-3/4"")"
"TransomFRMonteCarlo","Full Round Top Transom with Exposed Wrought Iron"
"TransomRTElegant","TransomRTElegant - Rectangle Top Transom with Clear Beveled Elegant Glass"
"TransomRTClear","TransomRTClear - Rectangle Top Transom with Clear Glass"
"TransomRTSpain","TransomRTSpain - RectangleTop Transom with Clear Iron Glass"
"AMQSA3H","Mahogany Flush Door with Modern 1/2"" Aluminum Strips Inlaid Horizontally (1-3/4"")"
"AB6861","AB6861 - Vertical Grain Douglas Fir EXTERIOR Craftsman 1-Lite with 3 Panel Bottom (1-3/4"")"
"AB6803","AB6803 - Vertical Grain Douglas Fir EXTERIOR Craftsman 3-Lite with 2 Panel Bottom (1-3/4"")"
"AB6863","AB6863 - Vertical Grain Douglas Fir EXTERIOR Craftsman 3-Lite with 3 Panel Bottom flat panel with Ovolo sticking (1-3/4"")"
"AB6841","AB6841 - Vertical Grain Douglas Fir EXTERIOR Craftsman with Solano II Black Caming 1-Lite with 2 Panel Bottom (1-3/4"")"
"AB6873","AB6873 - Vertical Grain Douglas Fir EXTERIOR Craftsman with Torrance III Silver Caming (1-3/4"")"
"AB6842","AB6842 - Vertical Grain Douglas Fir EXTERIOR Craftsman with Avondale II Black Caming (1-3/4"")"
"AB6883","AB6883 - Vertical Grain Douglas Fir EXTERIOR Craftsman with Valencia III Black Caming (1-3/4"")"
"AB6822","AB6822 - Vertical Grain Douglas Fir EXTERIOR Craftsman with Cortez II Silver Caming (1-3/4"")"
"AB6821","AB6821 - Vertical Grain Douglas Fir EXTERIOR Craftsman with Holbrook II Silver Caming (1-3/4"")"
"TMCGreene","TM Greene - Vertical Grain Douglas Fir EXTERIOR Craftsman Doors (1-3/4"")"
"TMCGamble","TMCGamble - Vertical Grain Douglas Fir EXTERIOR Craftsman Doors (1-3/4"")"
"TMCEllis","TM Ellis - Vertical Grain Douglas Fir EXTERIOR Craftsman Doors (1-3/4"")"
"WALPSA3H","WALPSA3H - Walnut Plain Sliced Standard Duty Flush Doors with Modern 1/2"" Aluminum Strips Inlaid Horizontally (1-3/4"")"
"AB7444","AB7444 - Vertical Grain Douglas Fir EXTERIOR 4-Lite With 2 Panel Bottom with Dual Tempered Clear Glass (1-3/4"")"
"F1500","F1500 - Vertical Grain Douglas Fir EXTERIOR 15 Panel Doors (1-3/4"")"
"AMQSA1V","Mahogany Flush Doors with 1 Vertical 1/2"" Aluminum Strip (1-3/4"")"
"AB2010","AB2010 - Vertical Grain Douglas Fir EXTERIOR 8 Panel Door (1-3/4"")"
"AMQSA3V","AMQSA3V - Mahogany Flush Door with 3 Modern 1/2""  Aluminum Strips Inlaid (Hinge Side) (1-3/4"")"
"AB2044","AB2044 - Vertical Grain Douglas Fir EXTERIOR 4 Panel Door (3/4"" Raised Panel)  (1-3/4"")"
"AB2130","AB2130 - Vertical Grain Douglas Fir EXTERIOR 6 Panel Door (3/4"" Raised Panel)  (1-3/4"")"
"WALPSA1V","Walnut Standard Duty Flush Doors with 1 Modern 1/2"" Aluminum  Strips Inlaid (Hinge Side) (1-3/4"""")"
"WALPSA3V","Walnut Standard Duty Flush Doors with 3 Modern 1/2"" Aluminum Strips Inlaid (1-3/4"")"
"C2100","Vertical Grain Douglas Fir Exterior 21 Panel Doors"
"TMCHall","TMCHall - Vertical Grain Douglas Fir EXTERIOR Craftsman Doors (1-3/4"")"
"TMCParker","TMCParker - Vertical Grain Douglas Fir EXTERIOR Craftsman Doors (1-3/4"")"
"TMCRuskin","TMCRuskin - Vertical Grain Douglas Fir EXTERIOR Craftsman Doors (1-3/4"")"
"AB144","AB144 - Vertical Grain Douglas Fir EXTERIOR 1/2-Lite With 2 Panel Bottom W/ Single Glaze Clear Glass (1-3/4"")"
"TMCMorris","TMCMorris - Vertical Grain Douglas Fir EXTERIOR Craftsman Doors (1-3/4"")"
"TMCSheridan","TM Sheridan - Vertical Grain Douglas Fir EXTERIOR Craftsman Doors (1-3/4"")"
"AB644","AB644 - Vertical Grain Douglas Fir EXTERIOR 6-Lite With 2 Panel Bottom (1-3/4"")"
"Jefferson","Jefferson - Escon Philippine Mahogany with Raised Moulding on One Side- [Jefferson] (1-3/4"")"
"TMCMaybeck","Vertical Grain Douglas Fir Exterior Craftsman Doors"
"AB2182","AB2182- Vertical Grain Douglas Fir Exterior Combo Lite"
"AB2184","AB2184 - Vertical Grain Douglas Fir EXTERIOR Combo Lite-AB2184 (1-3/4"")"
"AB7598","AB7598 - Vertical Grain Douglas Fir EXTERIOR Marginal 9-Lite With 1 Panel Bottom- AB7598 (1-3/4"")"
"AB6490","AB6490 - Vertical Grain Douglas Fir EXTERIOR 1-Lite 1-Panel Bottom with Wrought Iron Grill -AB6490 (1-3/4"")"
"AB2035","AB2035 - Vertical Grain Douglas Fir EXTERIOR 9-Lite Top with Cross Buck Panel Bottom (1-3/4"")"
"AB944","AB944 - Vertical Grain Douglas Fir EXTERIOR 9-Lite Single Glazed With 2 Panel Bottom -AB944 (1-3/4"")"
"REID","REID - ½ Lite Douglas Fir Exterior Door with 1 Flat Panel Bottom Ovolo Stocking (engineered) (1-3/4"")"
"AB6470","AB6470 - Vertical Grain Douglas Fir EXTERIOR 1-Lite with Wrought Iron Grill -AB6470 (1-3/4"")"
"AB2020","AB2020 - Vertical Grain Douglas Fir EXTERIOR 4-Lite Half Moon-AB2020 (1-3/4"")"
"TMCBolton","TMCBolton - Vertical Grain Douglas Fir EXTERIOR Craftsman Doors- TM Bolton (1-3/4"")"
"TMC4100","TM4100 - Vertical Grain Douglas Fir EXTERIOR Doors- TM4100 (1-3/4"")"
"TMC430","TMC430 - Vertical Grain Douglas Fir EXTERIOR Doors- TM430 (1-3/4"")"
"TMC730","TMC730 - Vertical Grain Douglas Fir EXTERIOR Doors (1-3/4"")"
"DRF3CSPRP","DRF3CSPRP - Yutan-Plastpro - SPRING PATINA FIR GRAIN DIRECT GLAZED CRAFTSMAN DOOR (1-3/4"")"
"DRF3CB03P","DRF3CB03P - Hickman-Plastpro - 3 LITE BEVEL FIR GRAIN DIRECT GLAZED CRAFTSMAN DOOR (1-3/4"")"
"Ironbark","Ironbark - Escon-Brazilian Mahogany (1-3/4"")"
"LaJolla","La Jolla -Escon-Brazilian Mahogany (1-3/4"")"
"Alexis","Alexis - Escon-Brazilian Mahogany (1-3/4"")"
"Ascot","Escon-Brazilian Mahogany Half Moon (Ascot)"
"JackRiver","Jack River - Escon-Brazilian Mahogany (1-3/4"")"
"Kiata","Kiata - Escon-Brazilian Mahogany (1-3/4"")"
"Bristol","Escon-Brazilian Mahogany 6 Panel Bristol"
"Impressa","Impressa - Escon-Brazilian Mahogany 6 Panel Door (1-3/4"")"
"Kallista","KALLISTA - Escon-Brazilian Mahogany Half Moon (1-3/4"")"
"Talbot","Talbot - Escon-Brazilian Mahogany (1-3/4"")"
"Modella","Modella - Escon-Brazilian Mahogany 1-Lite 6 Panel Door (1-3/4"")"
"M303BOTGP","M303BOTGP - Escon Mahogany [M303BO/TGP]  (1-3/4"")"
"Franklin","Franklin - Escon Philippine Mahogany with Raised Moulding on One Side- [Franklin] (1-3/4"")"
"Sherman","Sherman - Escon Philippine Mahogany with Raised Moulding on One Side- [Sherman] (1-3/4"")"
"Augusta","Augusta - Escon Philippine Mahogany 6 Panel Door with Raised Moulding on One Side- [Augusta] (1-3/4"")"
"Martin","Escon Philippine Mahogany Door - One-Sided Raised Molding (1-3/4"")"
"Turo","Turo - Escon Philippine Mahogany with Raised Moulding on One Side with Triple Glazed Leaded Glass in  Zinc  caming (1-3/4"")"
"Narrow","Narrow Escon Philippine Mahogany with Raised Moulding on One Side (1-3/4"")"
"Revis","Revis - Escon Philippine Mahogany with Raised Moulding on One Side (1-3/4"")"
"Legacy","Escon Philippine Mahogany With Raised Moulding On One Side | ETO"
"Maryvale","Maryvale - Escon Philippine Mahogany with Raised Moulding on One Side (1-3/4"")"
"DALTON","Dalton- Interior White Oak Door with Stiles and Horizontal Grooves (Engineered)"
"CelticCross","CELTIC CROSS - Escon Philippine Mahogany with Raised Moulding on One Side- [Celtic Cross] (1-3/4"")"
"Palisades","PALISADES - Escon Philippine Mahogany with Raised Moulding on One Side- [Palisades] (1-3/4"")"
"FPHMValencia","FPHMValencia -DC Escon French 10-Lite Philippine Mahogany Door (1-3/4"")"
"Fullview","Full View - Escon French 1-Lite Philippine Mahogany Door (1-3/4"")"
"Colonial","French 15-Lite Single Pane Clear Glass Philippine Mahogany Door (1-3/4"")"
"Marginal","MARGINAL - Escon French Philippine Mahogany Door - [Marginal]  (1-3/4"")"
"BELMONT","Belmont- Interior White Oak Door- Horizontal Grooves and Grain (no stiles and rails) (Engineered)"
"Carrick","Escon Premier Red Oak with Raised Moulding on Two Sides and Brass Caming - [Carrick]"
"Breck","Escon Premier Red Oak with Raised Moulding on Two Sides and Patina Caming - [Breck]"
"ESMC633B","Escon - Mahogany Craftsman 3-Lite Door and Patina Caming"
"Gallagher","Escon Premier Red Oak with Raised Moulding on Two Sides and Patina Caming [Gallagher]"
"ESMC636H","ESMC636H - Escon - Mahogany Craftsman 6-Lite and Patina Caming [Randall]  (1-3/4"")"
"Watson","Escon Premier Oak with Raised Moulding on Two Sides and Brass Caming [Watson]"
"ESCC636H","Escon - Pacific Cherry Craftsman 6-Lite and Patina Caming  [Randall] (1-3/4"")"
"Dally","Escon Premier Oak with Raised Moulding on Two Sides and Patina Caming [Dally]"
"Prairie","Prairie - Escon Pacific Cherry 9-Lite Door with Clear Glass (1-3/4"")"
"Makani","Makani - Escon Pacific Cherry Fales Louver (1-3/4"")"
"ESMC631B","ESMC631B - Escon - Mahogany Craftsman 1-Lite and Patina Caming [Biltmore] (1-3/4"")"
"Lanai","Lanai - Escon Pacific Cherry Fales Louver (1-3/4"")"
"Ritz","Ritz - Craftsman Mahogany Exterior Door 1-Lite Low-E Clear with 1 Panel Bottom (1-3/4"")"
"Rockport","Escon Pacific Cherry | Rockport"
"Bayport","Bayport - Escon Pacific Cherry with Dual Clear Glass (1-3/4"")"
"Pradera","Escon Pacific Cherry W/ Dual Glue Chip Bevel Glass"
"Entrada","Entrada - Escon Knotty Alder with Speak Easy Grill and Clavos - [Entrada] (1-3/4"")"
"Simpatica","Simpatica - Escon Knotty Alder with Speak Easy Grill - [Simpatica]  (1-3/4"")"
"Arvada","Arvada - Escon Knotty Alder Arch Door with Clavos - [Arvada] (1-3/4"")"
"Rustica80CR662","Rustica80CR662 - Escon Spanish Walnut with Speak Easy Grill and Clavos [Rustica-CR662]  (1-3/4"")"
"RusticaCR662PG","RusticaCR662PG - Escon Spanish Walnut  (1-3/4"")"
"Rustica96CR662","Escon Spanish Walnut W/ Speak Easy Grill & Clavos"
"ozark","Ozark - Double Arched Steel Metal 5-Lite French Door with Low-E Glass Exterior Grade"
"wootzdouble","Wootz -Double - Steel Metal Exterior Grade 8-Lite Double French Door with Clear Low-E Glass"
"Tucson","Tucson - Escon Rustic Teak [Tucson]  (1-3/4"")"
"Mesa","Mesa - Escon Rustic Teak [Mesa]  (1-3/4"")"
"troy","Troy - Double Arched Steel Metal 8-Lite French Door with Low-E Glass Exterior Grade"
"Bellasara","Bellasara - Escon Mahogany with Grill and Tempered Glass - [Bellasara] (1-3/4"")"
"Rhapsody","Rhapsody - Escon Mahogany with Grill and Tempered Glass - [Rhapsody]  (1-3/4"")"
"MONTECITO20","Montecito20- Interior White Oak 2-Panel Shaker Fire Rated Door (Engineered) (1-3/4"")"
"MA230CM20","MA230-CM20- Mahogany Fire Rated Door (20 minute) 1-3/4"""
"KA230CM20","KA230-CM20 - Knotty Alder Fire Rated 20 Minute (1-3/4"")"
"MA230FR60","MA230FR60 - Mahogany 60 Min Fire Rated Door (1-3/4"")"
"KA230FR60","KA230FR60 - Knotty Alder Fire Rated Door 60 Min (1-3/4"")"
"2PRMSCM20","2PRMS-CM20-PRIMED FIRE RATED DOOR (20 minute) (1-3/4"")"
"2PPSale","2PP - 2 PANEL ARCHED TOP WHITE PRIMED WITH RECESSED MOULDING INTERIOR DOOR (1-3/4"")"
"AB9320","AB9320 - Vertical Grain Douglas Fir EXTERIOR 1-Panel Shaker 20 Min (1-3/4"")"
"AB9382","Vertical Grain Douglas Fir Exterior Door"
"ESM538Sandblast","Sandblast - Escon - Mahogany Oval Ring Double Door (1-3/4"")"
"AB9360","AB9360 - Vertical Grain Douglas Fir EXTERIOR 3-Craftsman Panel Shaker 20 Min (1-3/4"")"
"AB9330","AB9330 - Vertical Grain Douglas Fir EXTERIOR 3-Even Panel Square Top Shaker 20 Min (1-3/4"")"
"AB9265","Vertical Grain Douglas Fir Exterior 2-Panel Arch Top 20 Min (1-3/4"")"
"AB9266","AB9266 - Vertical Grain Douglas Fir EXTERIOR 6-Panel 20 Min (1-3/4"")"
"HDFCM20","HDFCM20 - Flush Solid Core Hardboard (HDF) Fire Rated 20 Min Door (1-3/4"")"
"Crescent","Crescent - Escon Philippine Mahogany with Raised Moulding on One Side and Brass Caming [Crescent]  (1-3/4"")"
"Deco","Deco - Escon Philippine Mahogany with Raised Moulding on One Side and Zinc Caming (1-3/4"")"
"IMPModerno","Moderno Mahogany Hurricane Impact Resistant Rated (1-3/4"")"
"Luna","LUNA- Escon Philippine Mahogany with Patina Caming (1-3/4"")"
"Sunrise","Sunrise - Escon Philippine Mahogany with Patina Caming (1-3/4"")"
"Marmara","Marmara - Escon Knotty Alder with Iron Grill, Clavos and Reeded Glass (1-3/4"")"
"Descanso","DESCANSO- Escon Knotty Alder with Iron Grill and Reeded Glass (1-3/4"")"
"LosFeliz","Los Feliz - Escon Knotty Alder with Clavos (1-3/4"")"
"LosArcos","Los Arcos - Escon Knotty Alder (1-3/4"")"
"ElPrado","El Prado - Escon Knotty Alder with Speak Easy Grill and Clavos (1-3/4"")"
"LaQuinta","La Quinta - Escon Knotty Alder with Speak Easy Grill  (1-3/4"")"
"Valetta","Valetta - Escon Knotty Alder with Iron Grill Between Privacy Rain Glass and Clavos (1-3/4"")"
"Messina","Messina - Escon Knotty Alder with Iron Grill Between Privacy Rain Glass (1-3/4"")"
"Cancion","Cancion - Escon Philippine Mahogany (1-3/4"")"
"Wisteria","Wisteria - Escon Philippine Mahogany with Raised Moulding on One Side - [Wisteria] (1-3/4"")"
"PHMCarmel","PHMCarmel - Escon Philippine Mahogany with Raised Moulding on One Side- and Patina Caming [PHM-Carmel]  (1-3/4"")"
"PHMBarcelona","PHMBarcelona - Escon Philippine Mahogany with Raised Moulding on One Side and Iron Between Two Panes of Glass- [PHM-Barcelona] (1-3/4"")"
"PHMMonaco","PHMMonaco - Escon Philippine Mahogany with Raised Moulding on One Side- [PHM-Monaco] (1-3/4"")"
"Naples","Naples - Escon Philippine Mahogany with Raised Moulding on One Side and Iron Between Two Panes of Glass- [Naples]  (1-3/4"")"
"Emory","Escon Philippine Mahogany W/ Raised Moulding | Emory"
"Gilman","GILMAN - Escon Philippine Mahogany with Raised Moulding on One Side- [Gilman] (1-3/4"")"
"Eastham","Eastham - Escon Philippine Mahogany with Raised Moulding on One Side- [Eastham] (1-3/4"")"
"Livingston","LIVINGSTON - Escon Philippine Mahogany with Raised Moulding on One Side- [Livingston] (1-3/4"")"
"PHMRoma","PHMRoma - Escon Philippine Mahogany with Raised Moulding on One Side and Iron Between Two Panes of Glass (1-3/4"")"
"DRATP","DRATP - Spruce-Plastpro - RUSTIC TRUE PLANK FIBERGLASS DOOR SQUARE TOP (1-3/4"")"
"Edwards","EDWARDS - Escon Philippine Mahogany with Raised Moulding on One Side with Brass Caming- [Edwards] (1-3/4"")"
"DRA2BPCL344","Columbia-Plastpro - Two Panel Rustic Wrought Iron Door"
"DRA2P80PCLHL6","DRA2P80PCLHL6 - McKenzie-Plastpro - PRISCILLA RUSTIC WROUGHT IRON HALF LITE DOOR (1-3/4"")"
"CCR20537","Pennington-Therma-Tru Rustic Wrought Iron Augustine Door (1-3/4"")"
"DRG6080CAMHL6","DRG6080CAMHL6 - Tatum-Plastpro - CAMELIA WOODGRAIN WROUGHT IRON 3/4 LITE DOOR (1-3/4"")"
"DRG00PCLFL7","DRG00PCLFL7 - Fanwood-Plastpro - PRISCILA WROUGHT IRON WOODGRAIN FULL LITE DOOR (1-3/4"")"
"DRG49CAM342","DRG49CAM342 - Jamesburg-Plastpro - CAMILIA WROUGHT IRON WOODGRAIN 3/4 LITE DOOR (1-3/4"")"
"DRG29PLC342","DRG29PLC342 - Mountainside-Plastpro - PRISCILA WROUGHT IRON WOODGRAIN 3/4 LITE DOOR (1-3/4"")"
"DRS00CAMFL7","DRS00CAMFL7 - Camilia Wrought Iron Smooth Skin Full Lite Door"
"DRS29PLC342","Norborne-Plastpro - PRISCILA WROUGHT IRON SMOOTH SKIN 3/4 LITE DOOR"
"DRS6080CAMHL6","Salisbury-Plastpro - CAMELIA WROUGHT IRON SMOOTH SKIN 3/4 LITEDOOR"
"DRS49PLC342","Seymour-Plastpro - PRISCILA WROUGHT IRON SMOOTH SKIN 3/4 LITE DOOR"
"DRA1P","DRA1P - Auburn-Plastpro - RUSTIC ONE PANEL SQUARE PLANK/ SQUARE TOP DOOR (1-3/4"")"
"DRA1A80","DRA1A80 - Ashford-Plastpro - SQUARE TOP RUSTIC 1 PANEL ARCH DOOR (1-3/4"")"
"DRA2A","DRA2A - Cordova-Plastpro - RUSTIC TWO PANEL ARCH PLANK DOOR - B (1-3/4"")"
"DRA2P80","DRA2P80 - Lockhart-Plastpro - RUSTIC SQUARE PLANK / SQUARE TOP DOOR (1-3/4"")"
"DRA2R80","Rustic Radius Square Top Door | Montgomery-Plastpro"
"DRA2D","DRA2D - Linden-Plastpro - RUSTIC TWO PANEL ARCH TOP DOOR (1-3/4"")"
"DRA2B","DRA2B - Clayton-Plastpro - RUSTIC TWO PANEL SQUARE TOP DOOR (1-3/4"")"
"CCR8220R","Fairbanks ThermaTru Rustic Two-Panel Arched Top Door"
"CCR8200A","Sterling-THERMA-TRU RUSTIC TWO PANEL ROUND TOP DOOR"
"CCR8220","CCR8220 - Marshall-THERMA-TRU RUSTIC TWO PANEL SQUARE TOP DOOR (1-3/4"")"
"CCR8200","CCR8200 - Skyline-THERMA-TRU RUSTIC TWO PANEL SQUARE TOP DOOR (1-3/4"")"
"CCR8225","CCR8225 - Summerdale-Therma-Tru Rustic Two Panel Square Top Door"
"CCR205","York-THERMA-TRU RUSTIC TWO PANEL SQUARE TOP DOOR"
"CCR205A","CCR205A - Ruby-THERMA-TRU RUSTIC TWO PANEL ROUND TOP DOOR (1-3/4"")"
"CCR8225R","Vincent-THERMA-TRU RUSTIC TWO PANEL ARCHED TOP DOOR"
"CCA1100","MANILA – THERMA-TRU CLASSIC CRAFT 1 FLAT PANEL SHAKER FIBERGLASS DOOR"
"DRF3CBREZ","DRF3CBREZ - Papillion-Plastpro - BRENTWOOD-ZINC FIR GRAIN DIRECT GLAZED CRAFTSMAN DOOR  (1-3/4"")"
"DRM3DLUM3V2Z","Cranford-Plastpro - LUMINANCE BRIGHT ZINC MAHOGANY 3/4 OVAL DELUXE DOOR"
"DRM3DCAS3V2P","Marlow-Plastpro - Castile Patina Mahogany Oval Deluxe Door"
"DRF3CSPRP1","DRF3CSPRP1- Spring Patina Fir Grain Direct Glazed Craftsman Door"
"DRM60PRIHL5B","Marlborough-Plastpro - PRINCESS-BRASS HALF LITE MAHOGANY DOOR"
"DRM4ECHAEYREYLB","Sutton-Plastpro - CHANTALLE BRASS MAHOGANY TWIN LITE EYEBROW DOOR"
"DRM608036","Lovelock-Plastpro - Fiberglass Mahogany 6 Panel Door"
"DRM3D","DRM3D - SEWARD-PLASTPRO - FIBERGLASS MAHOGANY EYEBROW DOOR (1-3/4"")"
"DRM4E","DRM4E - Seward-Plastpro - FIBERGLASS MAHOGANY EYEBROW DOOR (1-3/4"")"
"DRG3PCAS3V2P","DRG3PCAS3V2P - Amherst-Plastpro - CASTILE-PATINA WOODGRAIN 3/4 OVAL PREMIUM DOOR (1-3/4"")"
"DRG3080BRE3V3Z","DRG3080BRE3V3Z - Greenwood-Plastpro - BRENTWOOD BRIGHT ZINC WOODGRAIN 3/4 OVAL DOOR (1-3/4"")"
"MONTECITO","Montecito- Interior White Oak 2-Panel Shaker Door (Engineered) (1-3/4"")"
"DRG60N002","DRG60N002 - Calypso-Plastpro - 20 MINUTE WOODGRAIN 6 PANEL ENTRY DOOR (1-3/4"")"
"CANFIELD","CANFIELD - CLEAR IG 1 LITE INSERT WOODGRAIN DOOR (1-3/4"")"
"DRG10G10","DRG10G10 - Chardon-Plastpro - CLEAR IG 10 LITE INTERNAL GRID WOODGRAIN INSERT DOOR (1-3/4"")"
"BRISTOL1","Bristol- White Oak French Door Exterior 1-Lite Full View w/ Low-E Clear Glass (1-3/4”)"
"CAMDEN","Camden: Exterior White Oak Multi Horizontal Plank Door with Horizontal Grain (1-3/4"")"
"LEON","Leon:  Exterior White Oak Flush Door with Vertical Grain (1-3/4”)"
"DRG12C","DRG12C - Crestline-Plastpro - CLEAR IG 2 PANEL 1/2 LITE WOODGRAIN INSERT GLAZED DOOR (1-3/4"")"
"OTTO","Otto- Interior White Oak Door- 1-Panel with Vertical Grooves on Panel (Engineered)"
"DRG412","Drexel-Plastpro - 20 MINUTE WOODGRAIN TRUE FOUR PANEL DOOR"
"BRENTWOOD","Brentwood- Interior White Oak Flush Door- 3 Horizontal Grooves and Horizontal Grain (Engineered) (1-3/4"")"
"DRS80BRE8C2Z","DRS80BRE8C2Z - Albany-Plastpro - BRENTWOOD ZINC SMOOTH SKIN EIGHT PANEL DOOR (1-3/4"")"
"DRG402020lite","DRG402020lite - Hubbard-Plastpro - CLEAR IG WOODGRAIN 20/20 LITE 4 PANEL DOOR (1-3/4"")"
"DRG0080","DRG0080 - Lyndhurst-Plastpro - FIBERGLASS WOODGRAIN FLUSH ENTRY DOOR (1-3/4"")"
"SS8201","SS8201 - Volcano-THERMA-TRU SMOOTH STAR ALL PANEL V-GROOVE DOOR (1-3/4"")"
"DRG9180","Nelsonville-Plastpro - FIBERGLASS WOODGRAIN NINE PANEL ENTRY DOOR"
"SS604A","Argentine Therma Tru Smooth Star Sedona Top Lite-3 Panel Door"
"SS205","SS205 - Biloxi-THERMA-TRU SMOOTH STAR V-GROOVE TWO PANEL DOOR (1-3/4"")"
"DRG1080G12","DRG1080G12 - Nitro-Plastpro - 12 LITE WOODGRAIN FRENCH FLUSH GLAZED DOOR (1-3/4"")"
"SS960","Bristow ThermaTru Smooth Star Four Panel Door"
"DRS90RAD9P1B","Butler-Plastpro - RADIANCE BRASS SMOOTH SKIN NINE PANEL DOOR"
"DRS3PBRE3V2Z","Camarillo-Plastpro - BRENTWOOD-ZINC SMOOTH SKIN 3/4 PREMIUM DOOR"
"DRG00LUMFO1B","Oakwood-Plastpro - LUMINANCE BRASS WOODGRAIN FLUSH OVAL DOOR"
"DRS001LT","Carter-Plastpro - CLEAR IG ONE LITE SMOOTH SKIN DOOR WITH RAISED MOLDING"
"DRG20","Solon-Plastpro - TEXTURED BRENTWOOD-ZINC DOOR"
"NOVA","NOVA -1 LITE FIBERGLASS FRENCH  DOOR WITH LOW-E CLEAR GLASS & SHAKER STICKING (Slight Brush Grain on Skin)"
"DRS1080G12","Cushman-Plastpro - 12 LITE SMOOTH SKIN FRENCH FLUSH GLAZED DOOR"
"DRS1W80B","Decatur-Plastpro - SMOOTH SKIN FLUSHED GLAZED MINIBLINDS DOOR"
"SS154C","Edmond ThermaTru Smooth Star Full Lite Door"
"SS2010","SS2010 - Moscow-THERMA-TRU SMOOTH STAR CLEAR 10 LITE DOOR ( 1-3/4"")"
"DRG6080PCLHL6IRON","DRG6080PCLHL6IRON - Bluefield-Plastpro - PRISCILA WROUGHT IRON WOODGRAIN 3/4 LITE DOOR ( 1-3/4"")"
"DRG00CAMFL7","DRG00CAMFL7 - Ramsey-Plastpro - CAMILIA WROUGHT IRON WOODGRAIN FULL LITE DOOR ( 1-3/4"")"
"DRG40CASFL7P","DRG40CASFL7P - Wooster-Plastpro - CASTILE-PATINA WOODGRAIN FULL LITE DOOR ( 1-3/4"")"
"AUSTIN","AUSTIN- FLUSH EXTERIOR FIBERGLASS DOOR WITH WHITE BRUSHED GRAIN (STAINABLE & PAINTABLE) (1-3/4"")"
"DRS002","DRS002 - Millbrook-Plastpro - 20 MINUTE SMOOTH SKIN FLUSH DOOR ( 1-3/4"")"
"DRS1Z80XCCC","DRS1Z80XC - Patterson-Plastpro Clear Ig 1 Lite Smooth Skin Flush Glazed Door | ETO"
"DRS2B2","DRS2B2 - Harrison-Plastpro - 20 MINUTE SMOOTH SKIN TWO PANEL DOOR ( 1-3/4"")"
"DRG40LUMFL7B","Prague-Plastpro - LUMINANCE-BRASS WOODGRAIN FULL LITE DOOR"
"DRG20PRI343B","Bixby-Plastpro - PRINCESS PATINA WOODGRAIN 3/4 HERITAGE DOOR"
"SS200","SS200 - Glenwood-THERMA-TRU SMOOTH STAR TWO PANEL DOOR ( 1-3/4"")"
"SS897","SS897 - Minneapolis -THERMA-TRU SMOOTH STAR TWO PANEL DOOR ( 1-3/4"")"
"DRG60RADHL5B","Stigler-Plastpro - RADIANCE - BRASS WOODGRAIN HALF LITE DOOR"
"MA110","MA110 - 1-PANEL SHAKER (FLAT PANEL, NO STICKING) MAHOGANY INTERIOR DOOR (1-3/4"")"
"DRG90RAD9P1B","Grafton-Plastpro - RADIANCE - BRASS WOODGRAIN NINE PANEL DOOR"
"IMPEX3Lite68ft","Impact-Mahogany 3-Lite Door with White Laminate Glass"
"IMPEX3Lite80ft","IMPEX3Lite80ft - IMPACT- Mahogany EX 3-Lite w/ White Laminate Glass Panel Bottom Door (8-0ft) (1-3/4"")"
"DRG9180TIF341P","Newcastle-Plastpro - TIFFANY PATINA NINE PANEL WOODGRAIN DOOR"
"IMPEX5Lite80ft","IMPACT-Mahogany EX 5-Lite w/ White Laminate Glass Panel Bottom Door (8-0ft) (1-3/4"")"
"IMPFD3LPBClear","IMPFD3LPBClear - IMPACT-Mahogany 3-Lite Panel Bottom w/ Dual Tempered Clear Glass (8-0ft) (1-3/4"")"
"IMPFD5LPBClear","IMPFD5LPBClear - IMPACT-Mahogany 5-Lite Panel Bottom w/ Dual Tempered Clear Glass (8-0ft)  (1-3/4"")"
"IMPFD3LiteClear","IMPFD3LiteClear - IMPACT-Mahogany 3-Lite w/ Dual Tempered Low E Clear Glass Door (6-8ft) (1-3/4"")"
"IMP10PB80ft","Mahogany 10-Lite Panel Bottom Dual Clear Tempered Glass"
"IMPFD1L","IMPFD1L Mahogany Hurricane Impact Resistant Rated 1-Lite Dual Tempered Clear Glass (1-3/4)"
"IMPFD10","IMPFD10 - IMPACT-Mahogany 10-Lite Dual Clear Tempered Glass (1-3/4"")"
"DRG80BRE8C2Z","DRG80BRE8C2Z - Colby-Plastpro - BRENTWOOD-ZINC WOODGRAIN EIGHT PANEL DOOR ( 1-3/4"")"
"DRG49SPR341P","DRG49SPR341P - Galesville-Plastpro - SPRING PATINA WOODGRAIN 3/4 TWIN LITE DOOR (1-3/4"")"
"DRG40SPRHL4P","DRG40SPRHL4P - Montello-Plastpro - SPRING PATINA WOODGRAIN HALF LITE DOOR ( 1-3/4"")"
"MLDCOL","MLDCOL - JELD-WEN COLONIST 6 PANEL TEXTURED SOLID CORE INTERIOR MOLDED DOOR*c* (1-3/8” )"
"MLDBOS","MLDBOS - JELD-WEN BOSTONIAN 6 PANEL TEXTURED  SOLID CORE INTERIOR MOLDEDDOOR*c (1-3/8”)"
"NOVAMINI","[NOVA MINI] 1 LITE FRENCH DIRECT GLZED MINI BLIND CLEAR LOW-E GLASS FIBERGLASS DOOR WITH SHAKER STICKING (WITH SLIGHT BRUSH GRAIN ON SKIN) ( 1-3/4"")"
"MLDSTA","MLDSTA - JELD-WEN STANFORD 4 PANEL TEXTURED SOLID CORE INTERIOR MOLDED DOOR*c* (1-3/8”)"
"MLDPRO","MLDPRO - JELD-WEN PROVINCIAL 4 PANEL TEXTURED SOLID CORE INTERIOR MOLDED DOOR*c*(1-3/8”)"
"COVENTRY","COVENTRY - 4 PANEL SMOOTH SOLID CORE INTERIOR MOLDED DOOR*c* (1-3/8”)"
"MLDCON","MLDCON - JELD-WEN CONTINENTAL 2 PANEL SMOOTH SOLID CORE INTERIOR MOLDED DOOR*c*(1-3/8”)"
"MLDCAMB","2 Panel Jeld-Wen Interior Door (1-3/8”)"
"MLDROC","MLDROC - JELD-WEN ROCKPORT 5 PANEL SMOOTH SOLID CORE INTERIOR MOLDED DOOR*c* (1-3/8”)"
"MLDPRI","MLDPRI - JELD-WEN PRINCETON 2 PANEL SMOOTH SOLID CORE INTERIOR MOLDED DOOR*c* (1-3/8” )"
"MLDCAMD","MLDCAMD - JELD-WEN CAMDEN 2 PANEL TEXTURED  SOLID CORE INTERIOR MOLDED DOOR (1-3/8”)"
"MLDSAN","MLDSAN - JELD-WEN SANTA FE 2 PANEL SMOOTH SOLID CORE INTERIOR MOLDED DOOR*c* (1-3/8”)"
"IMPEXMA210","Impact- Mahogany Ex-210"
"DRG40SPRFL7P","Spring Patina Woodgrain Full Lite Door"
"DRS10B","DRS10B - JONESVILLE-PLASTPRO - PLASTPRO - INSERT GLAZED WITH MINI-BLINDS FRENCH DOOR AND RAISED MOLDING ( 1-3/4"")"
"IMPEXMA230","EXMA230 Mahogany Hurricane Impact Resistant Rated (1-3/4"")"
"DRS6080","DRS6080 - Lansing-Plastpro - FIBERGLASS SMOOTH SKIN SIX PANEL ENTRY DOOR (1-3/4"")"
"SS930C","Magee-THERMA Tru Smooth Star Crystalline Twin Lite Door (1-3/4"")"
"DRG0010LT","Rockingham-Plastpro - Clear Ig 10 Lite Woodgrain French Flush Door w/ Insert (1-3/4"")"
"EXMA800CMIP","EXMA800 Mahogany Hurricane Impact Resistant Rated 8-Panel (1-3/4"")"
"IMPCMA2","IMPCMA2 - IMPACT-Mahogany CMA2 2 Panel Arched with Jamb (1-3/4"")"
"EXMA240CMIP","EXMA240 Mahogany Hurricane Impact Resistant Rated 2-Panel Arch V-Groove (1-3/4"" )"
"EXMA300CMIP","EXMA300 Mahogany Hurricane Impact Resistant Rated 3 Panel  (1-3/4"" )"
"EXMA600CMIP","EXMA600 Mahogany Hurricane Impact Resistant Rated 6 Panel Door (1-3/4"")"
"NECLPatio","Rolette-NEUMA DOORS - Signature Fiberglass: Classic Patio Doors"
"IMPEXMA220","IMPEXMA220 - IMPACT-Mahogany EX220 2-Panel Square V-Groove (1-3/4"" )"
"PalmaCMIP","Palma Mahogany Hurricane Impact Resistant Rated Carved Door (1-3/4"" )"
"IMPDaVinci","IMPDaVinci - IMPACT-Mahogany Da Vinci (1-3/4"")"
"COVENTRYFR20","COVENTRYFR20 - CONVENTRY 4 PANEL SMOOTH  20 Min Fire Rated  SOLID CORE INTERIOR MOLDED DOOR  (1-3/4”)"
"MLDBOSFR20","MLDBOSFR20 - JELD-WEN BOSTONIAN 6 PANEL TEXTURED   20 Min Fire Rated  1-3/4” SOLID CORE INTERIOR MOLDED DOOR (1-3/4"")"
"MLDCAMBFR20","JELD-WEN CAMBRIDGE 2 PANEL SMOOTH  20 Min Fire Rated SOLID CORE INTERIOR MOLDED DOOR (1-3/4”)"
"IMPCostaSmeralda","Costa Smeralda Mahogany Hurricane Impact Resistant Rated Elliptical Arch Plank Double Doors with Clavos (1-3/4"")"
"MLDCAMDFR20","MLDCAMDFR20 - JELD-WEN CAMDEN 2 PANEL TEXTURED  20 Min Fire Rated SOLID CORE INTERIOR MOLDED DOOR  (1-3/4”)"
"JASPER","Jasper - Double Arched Steel Metal 1-Lite French Door with Low-E Glass Exterior Grade"
"MLDCOLFR20","MLDCOLFR20 - JELD-WEN COLONIST 6 PANEL SMOOTH 20 MIN FIRE RATED SOLID CORE INTERIOR MOLDED DOOR (1-3/4”)"
"MLDSTAFR20","MLDSTAFR20 - JELD-WEN STANFORD 4 PANEL TEXTURED  20 Min Fire Rated  1-3/4” SOLID CORE INTERIOR MOLDED DOOR (1-3/4"")"
"IMPSantaFe","SantaFe Mahogany Hurricane Impact Resistant Rated (1-3/4"" )"
"IMPSardinia","Sardinia Mahogany Hurricane Impact Resistant Rated Elliptical Arch Plank Double Doors (1-3/4"" )"
"MLDPROFR20","Jeld-Wen Fire Rated 4 Panel Interior Door (1-3/4"")"
"IMPBellarosa","IMPBellarosa - IMPACT-Mahogany Door - Bellarosa (1-3/4"" )"
"MLDCONFR20","Jeld-Wen Continental 2 Panel Smooth 20 Min Fire Rated Solid Core Interior Molded Door (1-3/4”)"
"MLDROCFR20","Jeld-Wen Rockport 5 Panel Fire Rated Interior Door"
"MLDPRIFR20","MLDPRIFR20 - JELD-WEN PRINCETON 2 PANEL SMOOTH 20 Min Fire Rated  SOLID CORE INTERIOR MOLDED DOOR  (1-3/4”)"
"DRS2D2","DRS2D2 - Gentry-Plastpro - 20 MINUTE SMOOTH SKIN ARCHED TWO PANEL DOOR (1-3/4"")"
"MLDSANFR20","MLDSANFR20 - JELD-WEN SANTA FE 2 PANEL SMOOTH 20 Min Fire Rated SOLID CORE INTERIOR MOLDED DOOR (1-3/4”)"
"DRS412","DRS412 - Munford-Plastpro - 20 MINUTE SMOOTH SKIN TRUE FOUR PANEL DOOR (1-3/4"")"
"DRA2A2","20 Minute Rustic Two Panel Arched Plank Door -Kennedy (1-3/4"")"
"EndStrap1","End Strap #1"
"EndStrap2","End Strap #2"
"KnockerwithRoundPlate","Knocker with Round Plate"
"CornerAngle","Corner Angle"
"SLG6012lite","SLG6012lite - Plastpro - 1/2 LITE WOODGRAIN TWO PANEL SIDELITE (1-3/4"")"
"IMPAmbassador","Ambassador Impact Mahogany 1 Lite Door (1-3/4"")"
"IMPArya","Impact-Mahogany Arya"
"IMPMonteCarlo","Monte Carlo Mahogany Hurricane Impact Resistant Rated Door (1-3/4"")"
"IMPSavannah","IMPSavannah - IMPACT-Mahogany Savannah (1-3/4"")"
"IMPMonteCarlo8ft","Mahogany Monte Carlo Mahogany Hurricane Impact Resistant Rated"
"PS161","18ga. Seamless Polystyrene 3hr. Commercial Flush Door"
"IMPSavannah8ft","IMPSavannah8ft - IMPACT- Mahogany Savannah (8-0ft)  (1-3/4"")"
"ImpactRMA2","Impact-Mahogany Rustic Arched Door with Jamb (1-3/4"")"
"ImpactRMA1","ImpactRMA1 - IMPACT-Mahogany RMA1 Rustic Arched Door with Jamb (1-3/4"" )"
"RM1Clearance","Brazilian Mahogany RM1  Door  (1-3/4"")"
"RM2Clearance","RM2 Brazilian Mahogany Rustic Knotty Door"
"Cheyenne","Cheyenne - Knotty Alder 2 Panel Square Top with raised moulding Door (1 3/4"")"
"KA210","Knotty Alder 2 Panel Square Top Door (1 3/4"")"
"ALW1L","Aluminum 1-Lite Entrance Door w/ White Lami or Clear Glass"
"1Panel20Min3","1 Panel Arch Primed Door, Fire Rated 20 Min"
"ALW2L","Aluminum 2-Lite Entrance Door w/ White Lami or Clear Glass"
"AC230","African Cherry 2 Panel Arched Top Door (1-3/4"")"
"ALW3L","Aluminum 3-Lite Entrance Door w/ White Lami or Clear Glass"
"ALW4L","Aluminum 4-Lite Entrance Door w/ White Lami or Clear Glass"
"ALW5L","Aluminum 5-Lite Entrance Door w/ White Lami or Clear Glass"
"AC238","African Cherry 2 Panel Arched Top Door"
"GA161","16ga. Galvanized Polystyrene 3hr. Commercial Flush Door"
"KA220","KA220 - Knotty Alder 2 Panel V-Groove Square Top Door (1-3/4"")"
"caldwell","Caldwell - Pivot Steel Metal Exterior Grade 1-Lite Door with Clear Low-E Glass"
"SED230","SED230 - Knotty Alder 2 panel Arched Top Door (1-3/4"")"
"S2SALE","S2 - 2 PANEL ARCHED TOP WHITE PRIMED WITH RECESSED MOULDING INTERIOR DOOR (1-3/4"")"
"SED210","SED210 - Knotty Alder 2 panel Square Top Door (1-3/4"")"
"SED210138","SED210138 - Knotty Alder 2 panel Square Top Door (1-3/8"")"
"AMQS20","AMQS20-African Mahogany Quarter Sawn Flush Fire Rated Door (1-3/4"")"
"G220Clearance","G220 - Brazilian Mahogany 2 Panel Square Top V-Groove Door (1-3/8"")"
"G220134","Mahogany 2 Panel Square Top V-Groove Door (1-3/4"")"
"FS12","1 Front Panel with 2 Back Panel Shaker Square Top Primed Door"
"FS12138","1 Front Panel with 2 Back Panel Shaker Square Top Primed Door (1 3/8"")"
"CHPS20","CHPS20 - Plain Sliced Cherry Commercial /Architectural Flush Doors 20min. Fired Rated (1-3/4"")"
"1PP","1 Panel Shaker Square Top Primed Door (1-3/8"")"
"HALFLUVR","1/2 Louver White Primed Door"
"S1","S1 - 1 Panel Square Top (Arched Top Panel) White Primed w/ Raised Moulding Door (1-3/4"")"
"2MASale","2MA - 2 PANEL ARCHED TOP MAHOGANY WITH RECESSED MOULDING INTERIOR DOOR (1-3/4"")"
"2SPRMSR","2 Panel Square Top White Primed w/ Recessed Moulding (1- 3/4"")"
"2SPRMS","2 Panel Square Top White Primed with Raised Moulding (1- 3/4"")"
"MONTECITO2011","DON""TUSEMontecito20- Interior White Oak 2-Panel Shaker Fire Rated Door (Engineered) (1-3/4"")"
"2SPRMS8","2 Panel Square Top White Primed w/ Recessed Moulding (1-3/8"")"
"3PRMS","3 Panel Square Top ( Arched Top Panel) White Primed w/ Recessed Moulding (1-3/4"")"
"3PRMS138","3PRMS138 - 3 Panel Square Top ( Arched Top Panel) White Primed w/ Recessed Moulding (1-3/8"")"
"S3","S3 - 3 Panel Square Top (colonial arched top panel) White Primed w/ Raised Moulding (1 3/4"")"
"acodouble","Aco -Double - Steel Metal Exterior Grade 1-Lite Double French Door with Clear Low-E Glass"
"HERMOSA20","HERMOSA20- WHITE OAK VERTICAL GRAIN FLUSH DOOR 20 MINUTE FIRE RATED DOOR (1-3/4"")"
"M3","M3 - 3 Panel Square Top White Primed w/ Raised Moulding (1-3/4"")"
"3SPRMS138","3 Panel Square Top White Primed W/Moulding"
"L4","L4 - 4 Panel Square Top (original arched top panel) White Primed w/ Raised Moulding (1-3/4"")"
"ELITEPIVOT","ELITE-PIVOT – PREHUNG WITH PIVOT MULTI HORIZONTAL PLANK WOOD EXTERIOR DOOR WITH VERTICAL LITE- LAMINATE GLASS (1-3/4”)"
"M4","M4 - 4 Panel Square Top White Primed w/ Raised Moulding (1 3/4"")"
"RWB20","RWB20-Rotary White Birch Standard Duty Comm Flush Doors"
"WAPS","White Ash Plain Sliced Standard Duty Comm. Flush Door"
"WMPS20","WMPS20 - Plain Sliced White Maple Flush Door (1-3/4"")"
"WOPS20","WOPS20 - Plain Sliced White Oak Standard Duty Comm.Flush Doors 20 min. Fire rated (1-3/4"")"
"RORC20","Rift Cut Red Oak Standard Duty Comm. Flush Doors 20 min. Fire  Rated (1-3/4"""")"
"NAPA","NAPA - WALNUT VERTICAL GRAIN INTERIOR FLUSH DOOR (ENGINEERED)  (1-3/4”)"
"NAPA20","NAPA - WALNUT VERTICAL GRAIN FLUSH DOOR 20 MINUTE FIRE RATED DOOR (1-3/4"")"
"AUSTINFR20","AUSTIN- FLUSH EXTERIOR FIBERGLASS DOOR FIRE RATED DOOR (20 MINUTE) 1-3/4"""
"KPN1034","KPN1034 - Kick Plate"
"LV","LV - 800A1 STEEL VENTED LOUVER INSERT"
"MC3","MC-3"" - 3"" Interior Mahogany Casing"
"Doran","100% solid Brazilian mahogany wood door - Mahogany Doran (1-3/4"")"
"FD1LESF3","FD1LESF3 - Iron Mahogany ESF3 (1-3/4"")"
"KAC3","Solid Knotty Alder Casing | Kac-3"
"FD1LESF4","Iron Mahogany Esf4"
"FD1LESF5","Iron Mahogany Front Door on Sale (1-3/4"")"
"MC214","MC-2-1/4"""
"BM214","BM-2-1/8"" Mahogany Exterior Brick Mould"
"Hinges","Interior Door Hinges and Exterior Ball Bearing Hinges"
"FD1LGolden","FD1LGolden - Mahogany The Golden Grape (1-3/4"")"
"SteelHalfLouver","SteelHalfLouver - Steel Bottom Vented Louver Door (1-3/4"" )"
"SteelFullLouver","Steel Full Vented Louver Door"
"FD10LCLEARANCE","BRAZILIAN MAHOGANY 10 LITE DUAL GLASS EXTERIOR FRENCH DOOR (1-3/4"")"
"KA230CLEARANCE","KNOTTY ALDER 2 PANEL ARCHED DOOR (1-3/4"") - KA230"
"COCONUTTREE","COCONUTTREE - Mahogany Door- Coconut Tree (1-3/4"")"
"DOLPHIN","Mahogany Door- Dolphin"
"PaintGradeJambs","Paint Grade Jambs"
"HORSE","Mahogany Door | Horse"
"KA2L","KA2L - Knotty Alder 2-Lite with Dual Pane Clear Tempered Glass (1-3/4"")"
"KA1LArched134","Knotty Alder 1-Lite French Door With ARCHED Dual Pane Clear Glass (1-3/4"")"
"CLD1","CLD1 - Steel 1-Lite Primed Door with Dual Tempered Clear Glass (1-3/4"")"
"KA1LArched138","Knotty Alder 1-Lite French Door with Arched Dual Pane Clear Glass (1-3/8"")"
"MahoganyJambs1","MahoganyJambs1 - Mahogany Jambs"
"dixon","Dixon - Pivot Steel Metal Exterior Grade 4-Lite Door with Clear Low-E Glass"
"KnottyAlderJambs","KnottyAlderJambs - Knotty Alder Jambs"
"Alpine","Alpine - Rustic Wood Garage Door with V-Grooved Panel"
"LouverMAbypass","Bypass (sliding) Mahogany Louver Doors"
"FD1Lbypass","Bypass (sliding) Mahogany 1-Lite Laminate Doors"
"SteelFlushPanel","Flush Panel Steel Garage Door"
"MA230bypass","Bypass (sliding) Mahogany 2-Panel Doors"
"MA110bypass","Bypass (sliding) Mahogany 1-Panel Door"
"FD1Lclearbypass","Bypass (sliding) Mahogany 1-Lite Clear Doors"
"KA230bypass","Bypass (Sliding) Knotty Alder 2-Panel Doors"
"SteelLongPanel","Long Panel Steel Garage Door"
"Americana","Americana - Rustic Wood Garage Door with Elliptical Arch V-Grooved Panel and Lites"
"Artisian","*Artisian - Rustic Wood Garage Door with Elliptical Arch V-Grooved Panel"
"SteelRibbedPanel","SteelRibbedPanel - Ribbed Panel Steel Garage Door"
"Bradford","Carriage Design Wood Garage Door W/ Lites | Bradford"
"Castilian","*Castilian - Rustic Wood Garage Door with Elliptical Arch V-Grooved Panel and Lites"
"sallas","Dallas - Carriage Barn Solid Wood Garage Door with V-Grooved Panel and Lites"
"ElRustica","*El Rustica - Rustic Wood Garage Door with Elliptical Arch V-Grooved Panel Including Decorative Hardware"
"Elsavoy","*El Savoy - Rustic Wood Garage Door with Elliptical Arch V-Grooved Panel"
"ClassicaBordeaux","Bordeaux Carriage Design Steel Garage Door (Classica Series)"
"Lunario","*Lunario - Contemporary Solid Wood Garage Door Horizontal Planks Design"
"Montana","*Montana - Solid Wood Garage Door with Full V-Groove Elliptical Panel"
"Primo","Rustic Wood Garage Door W/ Elliptical Arch V-Grooved Panel | ETO"
"ClassicaCortona","Cortona Carriage Design Steel Garage Door (Classica Series)"
"Torino","*Torino - Rustic Wood Garage Door with V-Grooved Panel"
"ContemporaryFlushWood33","Contemporary Flush Panel Wood Garage Doors [Design#33]"
"ClassicaLucern","Lucern Carriage Design Steel Garage Door (Classica Series)"
"ClassicaNorthampton","Northampton Carriage Design Steel Garage Door (Classica Series)"
"RHD705","El Moderno - Contmporary Wood Garage Door and Vertical White Laminated Glass"
"ClassicaSantiago","Santiago Carriage Design Steel Garage Door (Classica Series)"
"Ranch","Raised Panel Wood Garage Door Long Panel [Ranch]"
"ClassicaTuscony","Tuscony Carriage Design Steel Garage Door (Classica Series)"
"ColonialGD","ColonialGD - Raised Panel Wood Garage Door Short Panel"
"ClassicaValenco","ClassicaValenco - Valenco Carriage Design Steel Garage Door (Classica Series)"
"Reeves","Reeves - Contemporary Wood Garage Door with 2"" Horizontal Stainless Steel Inlays"
"Aria","Aria - Contemporary Shaker Stile 4-Panel Wood Garage Doors"
"BLR37SV2SBS","BLR37SV2SBS - Stainless Steel Architectural Bollards (Square)"
"BLRRV2SBS","BLRRV2SBS - Stainless Steel Architectural Bollards (Round)"
"LiftMaster3585Belt","LiftMaster 8550 Heavy-Duty Belt Drive Garage Door Opener (3/4HP)"
"LiftMaster3595Chain","LiftMaster 8587 Heavy-Duty Chain Drive Garage Door Opener (3/4HP)"
"LiftMaster8500Jackshaft","Liftmaster Elite Series 8550 Wall Mount Garage Door Opener"
"LiftMaster3840ScrewDrive","LiftMaster3840ScrewDrive - LiftMaster 3840 DC Motor Screw Drive with EverCharge® Standby Power System"
"FD1LBamboo","FD1LBamboo - Mahogany 1-Lite Single Tempered Bamboo Glass Door (1-3/4"")"
"Vision","Vision - Modern Aluminum Multiview Glass Garage Door"
"Bellview","Bellview - Full View Aluminum & White Laminated Glass Garage Door"
"GlassPassingDoor","GlassPassingDoor - Full View Aluminum Glass Garage Door with Passing Door"
"PalmaClearance","PALMA - BRAZILIAN MAHOGANY PALMA EXTERIOR DOOR (1-3/4"")"
"FD1LReeded","FD1LReeded - Mahogany 1-Lite Single Tempered Reeded Glass (1-3/4"")"
"GlassCommercial","GlassCommercial - Full View Aluminum & Clear Glass Commercial Garage Door"
"FD1LGluechip","FD1LGluechip - Mahogany 1-Lite Single Tempered Glue Chip Glass (1-3/4"")"
"FD1LMirror","FD1LMirror - Mahogany 2-Side Mirror Glass Door (1-3/4"")"
"DRG1080","DRG1080 - Fargo-Plastpro - WOODGRAIN FRENCH DOOR - OPEN - NO GLASS (1-3/4"")"
"Rancho","Rancho - Craftsman Mahogany Exterior Door 3-Lite Low-E Clear with 3 Panel Bottom (1-3/4"")"
"KA1LBamboo","Knotty Alder 1-Lite Door-Bamboo Glass"
"KA1LREEDED","KA1LREEDED - Knotty Alder 1 Lite Door-Reeded Glass (1-3/4"")"
"KA1LGLUECHIP","Knotty Alder 1 Lite Door Glue Chip"
"KA1LRain","Knotty Alder 1 Lite Door Rain Glass"
"KA1LMirror","KA1LMirror - Knotty Alder 1-Lite Door- 2 Side Mirror Glass Door (1-3/4"")"
"EXWP1LEL400","EXWP1LEL400 - 1 Lite White Primed Square Sticking Door- EL400 (1-3/4"")"
"EXWP1LLAMI","EXWP1LLAMI- Exterior 1 Lite White Primed Door w/ Obscure Laminate Glass"
"Paris","Paris- Mahogany Solid Wood Door Exterior/Interior (1-3/4"")"
"CHELSEA","Chelsea:  Exterior White Oak Flush Door with Horizontal Grooves and Horizontal Grain (1-3/4”)"
"EXWP1LElegantGlass","EXWP1LElegantGlass - 1 Lite White Primed Square Sticking Door- Elegant Glass (1-3/4"")"
"EXWP1LESF1","EXWP1LESF1 - 1 Lite White Primed Square Sticking Door"
"EXWP1LSpain","EXWP1LSpain - 1 Lite White Primed Square Sticking Door- Spain Full Lite (1-3/4"")"
"EXWP1LArya","1 Lite White Primed Square Sticking Door | Arya"
"EXWP1LSavannah","EXWP1LSavannah - 1 Lite White Primed Square Sticking Door- Savannah (1-3/4"")"
"EXWP1LEclipse","1 Lite White Primed Square Sticking Door- Eclipse"
"EXWP1LEL200","EXWP1LEL200 - 1 Lite White Primed Square Sticking Door- EL200 (1-3/4"")"
"EXWP1LEL300","EXWP1LEL300 - 1 Lite White Primed Square Sticking Door- EL300 (1-3/4"")"
"EXWP1LAmbassador","EXWP1LAmbassador - 1 Lite White Primed Square Sticking Door-Ambassador (1-3/4"")"
"BRENTWOOD20","Brentwood20- Interior White Oak Flush 20 Minute Fire Rated Door- 3 Horizontal Grooves and Horizontal Grain (Engineered) (1-3/4"")"
"Madison34","Madison - 1 Panel Shaker Square Top Primed Door (1-3/4"")"
"Seattle34","Seattle - 2 Panel Shaker Square Top Door (1-3/4”)"
"ELSH730FR","3 Even Panel Mission Shaker Square Top Primed Fire Rated Door (1-3/4"")"
"SCOTTSDALE20","SCOTTSDALE20- WHITE OAK 1-PANEL SHAKER INTERIOR FLUSH 20 MINUTE FIRE RATED DOOR (ENGINEERED) (1-3/4”)"
"GEORGIA","Mahogany Door with 3/4"" Oval Window"
"AltaMR876SB","AltaMR876SB - Escon Philippine Mahogany with Raised Moulding on One Side & Surround - [Alta-MR876SB] (1-3/4"")"
"AltaMR884","AltaMR884 - Escon Philippine Mahogany with Raised Moulding on One Side & Surround- [Alta-MR884] (1-3/4"")"
"AltaMR873SB","AltaMR873SB - Escon Philippine Mahogany with Raised Moulding on One Side & Surround - [Alta-MR873SB] (1-3/4"")"
"MontrealClearance","BRAZILIAN MAHOGANY DOOR (1-3/4"") | MONTREAL"
"S516SHX33","S516SHX33 - Escon Forged Iron Door"
"DRS10","DRS10 - Wellington-Plastpro - FIBERGLASS FRENCH DOORS - OPEN (1-3/4"")"
"DRG10","DRG10 - Morven-Plastpro - FIBERGLASS FRENCH DOORS - OPEN NO GLASS ( 1-3/4"")"
"ELP700","Lehigh P700 - Prime Advantage Interior Door"
"S518WHX33","S518WHX33 - Escon Forged Iron Door"
"S518SHX34","S518SHX34 - Escon Forged Iron Door"
"S518WHX34","S518WHX34 - Escon Forged Iron Door"
"SR816SHX33","SR816SHX33 - Escon Forged Iron Door"
"SR816WHX33","SR816WHX33 - Forged Iron Door"
"S550LWX33","S550LWX33 - Forged Iron Door"
"S860LWX33","S860LWX33 - Forged Iron Door"
"S516SHXX54","S516SHXX54 - Escon Forged Double Iron Doors"
"S516WHXX54","S516WHXX54 - Forged Double Iron Doors"
"SS518SHXX54","SS518SHXX54 - Escon Forged Double Iron Doors  (1-3/4"")"
"SS518WHXX54","SS518WHXX54 - Forged Double Iron Doors"
"SS516SHXX54","SS516SHXX54 - Escon Forged Double Iron Doors"
"SS516WHXX54","Escon Forged Double Iron Doors | 64X81"
"S818SHXX61","S818SHXX61 - Forged Double Iron Doors"
"SS818SHXX54","SS818SHXX54 - Forged Double Iron Doors | 64X96"
"SS818WHXX54","Escon Forged Double Iron Doors | 64X96"
"mobile","Mobile - Double Arched Steel Metal 3-Lite French Door with Low-E Glass Exterior Grade"
"SS816SHOXOT54","SS816SHOXOT54 - Escon Forged  Iron Door"
"SS816WHOXOT54","SS816WHOXOT54 - Forged Iron Door"
"S516SHOXO51","S516SHOXO51 - Escon Forged  Iron Door"
"S516WHOXO51","S516WHOXO51 - Forged  Iron Door"
"SR516SHXXT64","SR516SHXXT64 - Forged  Iron Door"
"SR516WHXXT64","SR516WHXXT64 - Escon Forged  Iron Door"
"Lux","LUX - 3 Rectangle Lite Exterior Door"
"Quadratum","Quadratum - 4 Square Lite Exterior Door (1-3/4"")"
"Leptos","Leptos - Single Vertical Lite Exterior Door (1-3/4"")"
"Etiam","Etiam - 4 Horizontal Lite Exterior Door (1-3/4"")"
"Quinque","Quinque - 5 Rectangle Lite Exterior Door(1-3/4"")"
"Multus","Multus- Multi Horizontal Plank Wood Exterior Door"
"Sulcus","Sulcus - Multi Horizontal Plank Wood Exterior Door w/ Vertical Stiles (1-3/4"")"
"Movida","MOVIDA - MAHOGANY FLUSH INTERIOR DOOR WITH 1/4"" HORIZONTAL 3 ALUMINUM STRIPS (1-3/4"")"
"RollUp650","*Model 650 - Light Duty (Mini) Rolling Self Storage Steel Roll Up Door"
"RollUp2000","Model 2000 - Rolling Steel Commercial Garage Door (Roll Up)"
"RollUp2500","Model 2500 - Rolling Steel Commercial Garage Door Heavy Duty (Roll Up)"
"RollUp3000","Model 3000 - Rolling Steel Commercial Garage Door Heavy Duty (Roll Up)"
"FireRatedRollUp","Fire Rated 3-Hour Commercial Door"
"Model2600","Heavy Duty Commercial Rolling Door Systems (Galvanized Steel Curved 3"" Slats)"
"RollUp3400","Model 3400 - Miami-Dade County Certified Wind Load Rated Rolling Sheet Door"
"RollUp3652","Model 3652 - Wind Load Certified Commercial Nylon Windlock Rolling Sheet Door"
"Porvene500","Porvene500 - Porvene Heavy Duty Rolling Grille Curtain Door"
"FoldingGates","Heavy-Duty Galvanized Steel Folding Gates"
"SSWD01","SSWD01- Stainless Steel Sliding Barn Hardware"
"FD9LCLEARANCE","BRAZILIAN MAHOGANY 9 LITE DUAL GLASS EXTERIOR FRENCH DOOR (1-3/4"")"
"danum","Danum - Multi-Lite Exterior Door With Obscure White Laminate Glass"
"PladaDouble","Plada-Double - Steel Metal Exterior Grade 3-Lite Double French Door with Clear Low-E Glass"
"roman","Roman - WHITE PRIMED FLUSH INTERIOR DOOR WITH OBSCURE WHITE LAMI VERTICAL SLIM-LITE GLASS (1-3/4"")"
"Elite","Elite – Multi Horizontal Plank Wood Exterior Door with Vertical Lite (1-3/4”)"
"STELLAold","OLD ONE- Stella- Wrought Iron Door, comes with Frame & Glass with Tetris Scroll (1-3/4"")"
"ROME","Rome –Exterior Flush White Oak Door with Single Vertical Lite (1-3/4”)"
"MALIBU","MALIBU - Wrought Iron Door, Frame and Glass with L-Shaped Scrolls (1-3/4"")"
"REDONDO","Redondo- Wrought Iron Door | Frame & Glass W/ Heart & S-Shaped Scrolls |"
"HBB4X4X14US10B","Pack of (3) 4” X 4” X ¼” Radius Heavy Duty Ball Bearing Hinges with ETO Logo"
"AMQS60","AMQS60-African Mahogany Quarter Sawn Commercial / Architectural Flush 60 MIN FIRE RATED Door  (1-3/4"")"
"AMQS90","AMQS90 - African Mahogany Quarter Sawn Commercial/ Architectural Flush 90 MIN. FIRE RATED DOOR (1-3/4"")"
"BypassHBP200A","Hardware Bypass Kit"
"BifoldHF4100A","BifoldHF4100A - Bifold Hardware Kit"
"pocketkit24","Pocket Door Kit 2X4"
"pocketkit26","Pocket Door Kit 2X6"
"Aurora","Aurora - Louver 2 Panel Primed Door (1-3/8"")"
"NeumaLH","NeumaLH - Neuma Signature Fiberglass French Door"
"NeumaRH","NeumaRH - Neuma Signature Fiberglass French Door"
"WORC60","WORC60 - White Oak Rift Cut Standard Duty Comm. Flush Doors 60 min. Fire rated (1-3/4"")"
"WORC90","White Oak Rift Cut Flush Door (1-3/4"")"
"M3SALE","M3 - 3 PANEL WHITE PRIMED WITH RECESSED MOULDING INTERIOR DOOR (1-3/4"")"
"L4SALE","L4 - 4 PANEL ARCHED TOP WHITE PRIMED WITH RECESSED MOULDING INTERIOR DOOR (1-3/4"")"
"WP1LMIRROR","WP1LMIRROR - 1 Lite White Primed Interior Square Sticking- 2 Side Mirror Glass Door (1-3/4"")"
"N4SALE","N4 - 4 PANEL ARCHED TOP WHITE PRIMED WITH RECESSED MOULDING INTERIOR DOOR (1-3/4"")"
"M4SALE","M4 - 4 PANEL WHITE PRIMED WITH RECESSED MOULDING INTERIOR DOOR (1-3/4"")"
"RORC60","RORC60 - Rift Cut Red Oak Standard Duty Comm. Flush Doors 60 min. Fire Rated (1-3/4"")"
"RORC90","RORC90 - Rift Cut Red Oak Standard Duty Comm. Flush Doors 90 min. Fire Rated (1-3/4"")"
"ELKW121V34","ELKW121V34 - Knotty Alder 2 Panel V-Groove Arch Top Door (1-3/4"")"
"WP1LCLEAR","WP1LCLEAR - Interior 1 Lite White Primed with Dual Clear Tempered Glass Door (square sticking) (1-3/4"")"
"COLONIALSL","COLONIALSL - Escon French 5-Lite Single Pane Clear Glass Philippine Mahogany Door (1-3/4"")"
"TML340345","TIMELY 340 & 345 90 MIN RATED STEEL FRAME"
"WOPS60","WOPS60 - Plain Sliced White Oak Standard Duty Comm.Flush Doors 60 min. Fire rated (1-3/4"")"
"WOPS90","Plain Sliced White Oak Standard Duty Comm. Flush Doors 90 min. Fire  Rated (1-3/4"""")"
"WALPS60","WALPS60 - Walnut Plain Sliced Standard Duty Comm. Flush Doors 60 min. Fire Rated (1-3/4"")"
"WALPS90","WALPS90 - Walnut Plain Sliced Standard Duty Comm. Flush Doors 90 min. Fire Rated (1-3/4"")"
"RWB60","RWB60 - Rotary White Birch Standard Duty Comm. Flush Doors 60min. Fire Rated (1-3/4"")"
"RWB90","RWB90 - Rotary White Birch Standard Duty Comm. Flush Doors 90min. Fire Rated (1-3/4"")"
"RNB60","RNB60 - Rotary Natural Birch Standard Duty Comm. Flush 60 min. Fire Rated Door (1-3/4"")"
"ABRIR","Abrir: Steel Metal Folding Patio French Door with Low-E Glass Exterior Grade..."
"ROPS60","ROPS60 - Plain Sliced Red Oak Standard Duty Comm. Flush 60min. Fired Rated Door (1-3/4"")"
"ROPS90","ROPS90 - Plain Sliced Red Oak Standard Duty Comm. Flush 90min. Fired Rated Door (1-3/4"")"
"CHPS60","CHPS60 - Plain Sliced Cherry Commercial /Architectural Flush Doors 60min. Fired Rated (1-3/4"")"
"CHPS90","CHPS90 - Plain Sliced Cherry Commercial /Architectural Flush Doors 90min. Fired Rated (1-3/4"")"
"AMPS60","AMPS60 - African Mahogany Plain Sliced Mineral Core Flush Doors 60min. Fired Rated (1-3/4"")"
"AMPS90","AMPS90 - African Mahogany Plain Sliced Mineral Core Flush Doors 90min. Fired Rated (1-3/4"")"
"SLF3CB01P","SLF3CB01P - Plastpro - 1 LITE BEVEL FIR GRAIN DIRECT GLAZED CRAFTSMAN SIDELITE ( 1-3/4"")"
"SLS3PBRE3V1Z","SLS3PBRE3V1Z - Plastpro - BRENTWOOD-ZINC SMOOTH SKIN 3/4 OVAL PREMIUM SIDELITE (1-3/4"")"
"DRG1080C","Plastpro- 96"" 1 LITE WOODGRAIN FRENCH FLUSH GLAZED DOOR ( 1-3/4"")"
"Sawtelle","Sawtelle - Mahogany EX230 Halflite French Door (1-3/4"")"
"SLS10L","Plastpro - Clear Ig 1 Lite Low E Smooth Skin Flush Glazed Sidelite (1-3/4"")"
"SLS1080","Fiberglass French Sidelite 8/0- Open | Plastpro"
"CCR8000SL","Therma-Tru Rustic One Lite Low E Sidelite"
"SLG3080CAMFL1","Camelia Woodgrain 3/4 Lite Sidelite"
"SLS3080CAMHL6","SLS3080CAMHL6 - Plastpro - CAMELIA WROUGHT IRON SMOOTH SKIN 3/4 LITE SIDELITE (1-3/4"")"
"SLS3080PCLFL1","Plastpro - Priscilla Wrought Iron Sidelite Door (1-3/4"")"
"SLG3080PCLFL1","Priscilla Wrought Iron Woodgrain 3/4 Lite Sidelite"
"SLM3DCASFL1P","SLM3DCASFL1P - Plastpro - CASTILE PATINA MAHOGANY FULL LITE DELUXE SIDELITE (1-3/4"")"
"SLM3DCAS3V1P","Castile Patina Mahogany 3/4 Oval Deluxe Sidelite"
"SLG3PCAS3V1P","SLG3PCAS3V1P - Plastpro - CASTILE-PATINA WOODGRAIN OVAL 3/4 LITE PREMIUM SIDELITE (1-3/4"")"
"SLG60CASFL1P","SLG60CASFL1P - Plastpro - CASTILE-PATINA WOODGRAIN ONE PANEL SIDELITE (1-3/4"")"
"SLF3CBREZ","SLF3CBREZ - Plastpro - BRENTWOOD-PATINA FIR GRAIN DIRECT GLAZED CRAFTSMAN SIDELITE (1-3/4"")"
"SLG3080BREFL1Z","SLG3080BREFL1Z - Plastpro - BRENTWOOD ZINC WOODGRAIN 3/4 LITE SIDELITE  (1-3/4"")"
"SLG3PBRE3V1Z","SLG3PBRE3V1Z - Plastpro - BRENTWOOD-ZINC WOODGRAIN 3/4 OVAL PREMIUM SIDELITE (1-3/4"")"
"SLG80BRE8C1Z","Plastpro - Brentwood-Zinc Woodgrain Sidelite Door"
"SLG60BREFL1Z","SLG60BREFL1Z - Plastpro - BRENTWOOD-ZINC WOODGRAIN FULL LITE SIDELITE ( 1-3/4"")"
"SLS80BRE8C1Z","SLS80BRE8C1Z - Plastpro - BRENTWOOD ZINC SMOOTH SKIN TO MATCH EIGHT PANEL SIDELITE (1-3/4"")"
"SLF3CSPRP","SLF3CSPRP - Plastpro - SPRING PATINA FIR GRAIN DIRECT GLAZED CRAFTSMAN SIDELITE (1-3/4"")"
"SLG49SPR341P","SLG49SPR341P - Plastpro - SPRING PATINA WOODGRAIN 3/4 LITE SIDELITE (1-3/4"")"
"SLG60SPRFL1P","SLG60SPRFL1P - Plastpro - SPRING PATINA WOODGRAIN FULL LITE SIDELITE (1-3/4"")"
"SLG001LT","SLG001LT - Plastpro - 1 LITE INSERT WOODGRAIN FLUSH SIDELITE  (1-3/4"")"
"SLS00PLCFL1","SLS00PLCFL1 - Plastpro - PRISCILLA WROUGHT IRON SMOOTH SKIN FULL LITE SIDELITE (1-3/4"")"
"SLS00CAMFL1","SLS00CAMFL1 - Plastpro - CAMELIA WROUGHT IRON SMOOTH SKIN FULL LITE SIDELITE (1-3/4"")"
"SLG60PLCFL1","Plastpro - Priscilla Wrought Iron Woodgrain Full Lite Sidelite (1-3/4"")"
"ALBANY","Albany – Multi Horizontal Plank Exterior White Oak Door with Vertical Lite (1-3/4”)"
"Wavos","Wavos -Interwoven Solid Mahogany Exterior Door (1-3/4"") (1-3/4"")"
"MIL7101","MIL7101 - 1 Panel Square Top White Primed (1-3/4"")"
"M1SALE","M1 - 1 PANEL  WITH RECESSED MOULDING INTERIOR DOOR (1-3/4"")"
"KENT","Kent - Fiberglass French Door 1-Lite with 1-Panel Bottom with White Brushed Grain and Shaker Sticking Glass Stop - Exterior Grade (1-3/4”)"
"HERMOSA","Hermosa- White Oak Vertical Grain Interior Flush Door (engineered) (1-3/4”)"
"LEPTOSPIVOT","Leptos-Pivot: Pivot Wood Door Pre-Hung with Pivot Hinge, Metal Frame & Sill - W/ Single Vertical Lite - Exterior Grade (1-3/4"")"
"ETIAMPIVOT","Etiam-Pivot: Pivot Wood Door Pre-Hung with Pivot Hinge, Metal Frame & Sill - W/ 4 Horizontal Lites - Exterior Grade (1-3/4"")"
"BOWIE","Bowie:  Single Arched Steel Metal 8-Lite French Door with Low-E Glass Exterior Grade"
"VENICE","Venice: Single Arched Steel Metal 4-Lite French Door with Low-E Glass Exterior Grade"
"ATHENS","Athens: Single Arched Steel Metal 1-Lite French Door with Low-E Glass Exterior Grade"
"OJAI","Ojai: Single Arched Steel Metal 3-Lite French Door with Low-E Glass Exterior Grade"
"ExteriorJambs","Exterior Jambs"
"Stal","Stal - Steel Metal Exterior Grade 4-Lite French Door with Low-E Glass"
"Logan","Logan – 80” MAHOGANY 4-LITE MAHOGANY INTERIOR DOOR (FROSTED OBSCURE GLASS) 1-3/8"""
"Shaper","Shaper - 3 LITE FRENCH DOUGLAS FIR WOOD DOOR W/ SHAKER STICKING AND WHITE LAMI GLASS  (1-3/8"")"
"KA230Halflite","KA230Halflite - Knotty Alder 1/2 Lite Dual Pane Clear Tempered Glass (1-3/4"")"
"DRG6080","DRG6080 - Plastpro - FIBERGLASS WOODGRAIN SIX PANEL ENTRY DOOR (1-3/4"")"
"SLS1080G06","Plastpro - 6 Lite French Flush Glazed Sidelite Door"
"AMPS20","AMPS20 - African Mahogany Plain Sliced Standard Duty Comm. Flush Doors 20min. Fired Rated (1-3/4"")"
"fd1lel300","Mahogany EL300"
"Trojan","Trojan - Slim Horizontal Lite Mahogany Flush Door  (1-3/4"")"
"P1","P1 - 1 Panel Shaker Square Top Primed Door w/ Recessed Moulding (1-3/8"")"
"G230Clearance","G230 - BRAZILIAN MAHOGANY 2 PANEL ARCHED INTERIOR DOOR (1-3/4"")"
"MA600","MA600 -  MAHOGANY 6 PANEL SQUARE TOP DOOR"
"SALEM","Salem - Pivot Steel Metal Exterior Grade 12-Lite Door with Clear Low-E Glass"
"Clavos","Clavos"
"WHALEN","WHALEN - One Vertical Stile with  5 Horizontal Even Panels Firberglass Door with Cherry Grain (1-3/4"")"
"FCA575","FCA575 - Escon Horizontal Aluminum Bar Flush Fiberglass  Door with Cherry Grain (1-3/4"")  Exterior Grade"
"FC866","FC866 - Escon One Vertical Stile with 6 Horizontal Even Panels Firberglass Door with Cherry Grain (1-3/4"")"
"TOPA","TOPA FIBERGLASS FRENCH DOOR EXTERIOR GRADE 1-LITE FULL VIEW FLUSH GLAZED (PAINTABLE)"
"ACO","ACO - Steel Metal Exterior Grade 1-Lite French Door with Low-E Glass"
"AUBURNPIVOT","Auburn-Pivot: Pivot Walnut Wood Door Pre-Hung with Pivot Hinge, Metal Frame & Sill - Exterior Grade (1-3/4"")"
"PORTE","Porte - Pivot Steel Metal Exterior Grade 3-Lite Door with Clear Low-E Glass"
"ACERO","Acero - Steel Metal Exterior Grade 6-Lite French Door with Low-E Glass"
"OSLO","OSLO Fiberglass Exterior Door – Narrow Slim Vertical Lite Flush Glazed 1-3/4""(Paintable)"
"PLADA","Plada - Steel Metal Exterior Grade 3-Lite French Door with Low-E Glass"
"WP1LPIVOT","WP1L-Pivot: Pivot Wood Door Pre-Hung with Pivot Hinge, Metal Frame & Sill - Clear Glass Square Sticking - Exterior Grade (1-3/4"")"
"louvermaClearance","BRAZILIAN MAHOGANY LOUVER INTERIOR DOOR (1-3/8"")"
"KOTET","Kotet - Steel Metal Exterior Grade 10-Lite French Door with Low-E Glass"
"FORTIS","FORTIS - Exterior Grade Fiberglass Door Multi Horizontal Plank with Horizontal Textured Grain (Stainable & Paintable)"
"DOCCIA","Doccia: Steel Metal Shower Door with Single Tempered Clear Glass"
"ELITEPIV","broken page 2"
"clear200","Fiberglass W/ Dual Clear Tempered Glass"
"clear300","Solid mahogany custom double door with dual clear tempered glass"
"VENTANA4","Ventana4: 4-Lite Fixed Rectangle Steel Metal Window with Low-E Glass Exterior Grade"
"bai","(test) Bailey - 60 Minute Fire Rated Flush White Primed Door (1-3/4”)"
"clear600","Solid mahogany arch door with clavos and active speak easy window and frame (1-3/4"")"
"clear700","Solid knotty alder door including dual clear tempered glass (2-1/4"")"
"2PRMSCLE","broken page"
"EXTBIF","EXTBIF - FOLDING and SLIDING EXTERIOR BIFOLD DOOR SYSTEMS"
"test123","Knotty Alder test"
"Trenton","Trenton – 96” MAHOGANY 5-LITE MAHOGANY INTERIOR DOOR (FROSTED OBSCURE GLASS) 1-3/4"""
"FD1LCLEARANCE","FD1L - BRAZILIAN MAHOGANY 1 LITE DUAL GLASS EXTERIOR FRENCH DOOR (1-3/4"")"
"WOOTZ","Wootz - Steel Metal Exterior Grade 8-Lite French Door with Low-E Glass"
"Zen","Zen - 96"" 2 Panel Arched Top Alder Interior Door with V-Grooved Raised Panel and Ovolo Sticking (1-3/8"")"
"SULCUSPIVOT","Sulcus-Pivot: Pre-Hung with Pivot Hinge, Metal Frame & Sill - Exterior Grade Multi Horizontal Plank Wood Door w/ Vertical Stiles (1-3/4"")"
"Ohio","Ohio - 80"" 4 LITE White Primed Interior Door with Frosted Obscure Glass (1-3/8"")"
"Milton","Milton - 60 Minute Fire Door Rated Flush Mahogany"
"London","London - 96” WALNUT 1-PANEL SHAKER INTERIOR DOOR 1-3/4”"
"York","York - 96” WALNUT 2-PANEL SHAKER INTERIOR DOOR 1-3/4”"
"Oxford","Oxford - 96” WALNUT 3-PANEL SHAKER INTERIOR DOOR 1-3/4”"
"Derby","Derby - 80” WALNUT 1-PANEL SHAKER INTERIOR DOOR 1-3/8”"
"Ripon","Ripon - 80” WALNUT 2-PANEL SHAKER INTERIOR DOOR 1-3/8”"
"Luton","Luton - 80” WALNUT 3-PANEL SHAKER INTERIOR DOOR 1-3/8”"
"SPINA","Spina - Full Lite Exterior Door with Exposed Artistic Iron Grill"
"ZOLO","Zolo - Double Arched Steel Metal 4-Lite French Door with Low-E Glass Exterior Grade"
"bentley","BENTLEY -  WHITE PRIMED FLUSH INTERIOR DOOR WITH 1/2"" HORIZONTAL 3 ALUMINUM STRIPS (1-3/4"")"
"Reno","Reno - Knotty Alder 2 Panel Shaker Square Sticking Door (1-3/8"")"
"SCOTTSDALE","SCOTTSDALE- WHITE OAK 1-PANEL SHAKER INTERIOR FLUSH DOOR (ENGINEERED) (1-3/4”)"
"SPPCLEARANCE","SPP - 2 Panel Arched Top White Primed 1-3/4"""
"TOPAESF1","Topa-ESF1 Fiberglass Door Exterior Grade 1-Lite Full View Flush Glazed French Door (Paintable)"
"SantaFe","SantaFe - Mahogany Santa Fe (1-3/4"")"
"TOPASavannah","TOPA-SAVANNAH FIBERGLASS DOOR EXTERIOR GRADE 1-LITE FULL VIEW FLUSH GLAZED FRENCH DOOR (PAINTABLE)"
"TOPAMontecarlo","Topa-MonteCarlo Fiberglass Door Exterior Grade 1-Lite Full View Flush Glazed French Door (Paintable)"
"TOPASpain","Topa-Spain Fiberglass Door Exterior Grade 1-Lite Full View Flush Glazed French Door (Paintable)"
"Phoenix","Phoenix - 80"" 2 Panel Arched Top Alder Interior Door with V-Grooved Raised Panel and Ovolo Sticking (1-3/8"")"
"acerodouble","Acero -Double - Steel Metal Exterior Grade 6-Lite Double French Door with Clear Low-E Glass"
"LOREN","LOREN Mahogany Door with 3/4"" Oval Window"
"MODERNOPIVOT","MODERNO-PIVOT – PREHUNG WITH PIVOT MULTI HORIZONTAL PLANK WOOD EXTERIOR DOOR WITH HORIZONTAL LITES- LAMINATE GLASS (1-3/4”)"
"Anderson","ANDERSON - 96"" 5 LITE WHITE PRIMED INTERIOR DOOR WITH FROSTED OBSCURE GLASS (1-3/4"")"
"AtlantaPivot","Atlanta-Pivot: Atlanta Pivot Wood Door Pre-Hung with Pivot Hinge, Metal Frame & Sill - Exterior Grade"
"VERONA","Verona- STEEL METAL BIFOLD FOLDING PATIO FRENCH DOOR WITH LOW-E GLASS"
"STELLA","Stella- Wrought Iron Door, comes with Frame & Glass with Tetris Scroll (1-3/4"")"
"2PRMSCLEARANCE","2PRMS - 2 PANEL ARCHED TOP WHITE PRIMED WITH RAISED MOULDING INTERIOR DOOR (1-3/4"")"
"VENTANA15","Ventana15: 15-Lite Fixed Rectangle Steel Metal Window with Low-E Glass Exterior Grade"
"VENTANA3","Ventana3: 3-Lite Fixed Rectangle Steel Metal Window with Low-E Glass Exterior Grade"
"VENTANA10","Ventana10: 10-Lite Fixed Rectangle Steel Metal Window with Low-E Glass Exterior Grade"
"VENTANA8","Ventana8: 8-Lite Fixed Rectangle Steel Metal Window with Low-E Glass Exterior Grade"
"staldouble","Stal -Double - Steel Metal Exterior Grade 4-Lite Double French Door with Clear Low-E Glass"
"VENTANA6","Ventana6: 6-Lite Fixed Rectangle Steel Metal Window with Low-E Glass Exterior Grade"
"BAILEYSE","Bailey - Flush White Primed 60 Minute Fire Rated Door (1-3/4”) SQUARE EDGE"
"Orlando34","Orlando - 3 Even Panel Shaker Square Top Primed (1-3/4"")"
"MULTUSPIVOT","Multus-Pivot: Multus Pivot Wood Door Pre-Hung with Pivot Hinge, Metal Frame & Sill - Exterior Grade"
"Hadley","HADLEY – INTERIOR WHITE PRIMED SOLID FLUSH INTERIOR DOOR (1-3/4”)"
"VENTANA1","Ventana1: 1-Lite Fixed Rectangle Steel Metal Window with Low-E Glass Exterior Grade"
"MOVIDACM20","MOVIDA-CM20- MAHOGANY FIRE RATED DOOR (20 MINUTE) 1-3/4"""
"HadleyCM20","HADLEY-CM20-PRIMED FIRE RATED DOOR (20 minute) (1-3/4"")"
"BentleyCM20","Bentley-CM20-Primed Fire Rated Door (20 minute) (1-3/4"")"
"MA300CM20","MA300-CM20-Mahogany Fire Rated Door (20 minute) (1-3/4"")"
"MontrealCMIP","Montreal-CMIP- Exterior Mahogany 8-Panel Carved Door  (1-3/4"")"
"MultusCMIP","Multus Hurricane Impact Resistant Rated Door Multi Horizontal Plank (1-3/4"")"
"SulcusCMIP","Sulcus Hurricane Impact Resistant Rated Multi Horizontal Plank w/ Vertical Stiles (1-3/4"")"
"WavosCMIP","Wavos Hurricane Impact Resistant Rated Door Interwoven Exterior Solid Mahogany Door (1-3/4"")"
"TokyoCMIP","Tokyo Mahogany Hurricane Impact Resistant Rated Door  (1-3/4”)"
"barcelonaCMIP","Barcelona Mahogany Hurricane Impact Resistant Rated Door  (1-3/4"")"
"QuinqueCMIP","Quinque Hurricane Impact Resistant Rated Door 5 Rectangle Lite (1-3/4"")"
"EtiamCMIP","Etiam Hurricane Impact Resistant Rated Door 4 Horizontal Lite (1-3/4"")"
"DanumCMIP","Danum Hurricane Impact Resistant Rated Multi-Lite Door Obscure White Laminate Glass (1-3/4"")"
"QuadratumCMIP","Quadratum Hurricane Impact Resistant Rated 4 Square Lite Door (1-3/4"")"
"LeptosCMIP","Leptos Hurricane Impact Resistant Rated Door Single Vertical Lite Door with Laminate Glass (1-3/4"")"
"LuxCMIP","Lux Mahogany Hurricane Impact Resistant Rated 3 Rectangle Lite Door (1-3/4"")"
"1PRMS","1PRMS - 1 Panel Top White Primed with Raised Moulding (1-3/4"")"
"S550LWX33error","ERROR S550LWX33 - ESCON FORGED IRON DOOR"
